team,season,role,name
ARI,2015,HC,Bruce Arians
ARI,2015,OC,Harold Goodwin
ARI,2016,HC,Bruce Arians
ARI,2016,OC,Harold Goodwin
ARI,2017,HC,Bruce Arians
ARI,2017,OC,Harold Goodwin
ARI,2018,HC,Steve Wilks
ARI,2018,OC,Mike McCoy
ARI,2019,HC,Kliff Kingsbury
ARI,2019,OC,Kliff Kingsbury
ARI,2020,HC,Kliff Kingsbury
ARI,2020,OC,Kliff Kingsbury
ARI,2021,HC,Kliff Kingsbury
ARI,2021,OC,Kliff Kingsbury
ARI,2022,HC,Kliff Kingsbury
ARI,2022,OC,Kliff Kingsbury
ARI,2023,HC,Jonathan Gannon
ARI,2023,OC,Drew Petzing
ARI,2024,HC,Jonathan Gannon
ARI,2024,OC,Drew Petzing
ATL,2015,HC,Dan Quinn
ATL,2015,OC,Kyle Shanahan
ATL,2016,HC,Dan Quinn
ATL,2016,OC,Kyle Shanahan
ATL,2017,HC,Dan Quinn
ATL,2017,OC,Steve Sarkisian
ATL,2018,HC,Dan Quinn
ATL,2018,OC,Steve Sarkisian
ATL,2019,HC,Dan Quinn
ATL,2019,OC,Dirk Koetter
ATL,2020,HC,Dan Quinn
ATL,2020,OC,Dirk Koetter
ATL,2021,HC,Arthur Smith
ATL,2021,OC,Dave Ragone
ATL,2022,HC,Arthur Smith
ATL,2022,OC,Dave Ragone
ATL,2023,HC,Arthur Smith
ATL,2023,OC,Dave Ragone
ATL,2024,HC,Raheem Morris
ATL,2024,OC,Zac Robinson
BAL,2015,HC,John Harbaugh
BAL,2015,OC,Marc Trestman
BAL,2016,HC,John Harbaugh
BAL,2016,OC,Marc Trestman
BAL,2017,HC,John Harbaugh
BAL,2017,OC,Marty Mornhinweg
BAL,2018,HC,John Harbaugh
BAL,2018,OC,Marty Mornhinweg
BAL,2019,HC,John Harbaugh
BAL,2019,OC,Greg Roman
BAL,2020,HC,John Harbaugh
BAL,2020,OC,Greg Roman
BAL,2021,HC,John Harbaugh
BAL,2021,OC,Greg Roman
BAL,2022,HC,John Harbaugh
BAL,2022,OC,Greg Roman
BAL,2023,HC,John Harbaugh
BAL,2023,OC,Todd Monken
BAL,2024,HC,John Harbaugh
BAL,2024,OC,Todd Monken
BUF,2015,HC,Rex Ryan
BUF,2015,OC,Greg Roman
BUF,2016,HC,Rex Ryan
BUF,2016,OC,Greg Roman
BUF,2017,HC,Sean McDermott
BUF,2017,OC,Rick Dennison
BUF,2018,HC,Sean McDermott
BUF,2018,OC,Brian Daboll
BUF,2019,HC,Sean McDermott
BUF,2019,OC,Brian Daboll
BUF,2020,HC,Sean McDermott
BUF,2020,OC,Brian Daboll
BUF,2021,HC,Sean McDermott
BUF,2021,OC,Brian Daboll
BUF,2022,HC,Sean McDermott
BUF,2022,OC,Ken Dorsey
BUF,2023,HC,Sean McDermott
BUF,2023,OC,Ken Dorsey
BUF,2024,HC,Sean McDermott
BUF,2024,OC,Joe Brady
CAR,2015,HC,Ron Rivera
CAR,2015,OC,Mike Shula
CAR,2016,HC,Ron Rivera
CAR,2016,OC,Mike Shula
CAR,2017,HC,Ron Rivera
CAR,2017,OC,Mike Shula
CAR,2018,HC,Ron Rivera
CAR,2018,OC,Norv Turner
CAR,2019,HC,Ron Rivera
CAR,2019,OC,Norv Turner
CAR,2020,HC,Matt Rhule
CAR,2020,OC,Joe Brady
CAR,2021,HC,Matt Rhule
CAR,2021,OC,Joe Brady
CAR,2022,HC,Matt Rhule
CAR,2022,OC,Ben McAdoo
CAR,2023,HC,Frank Reich
CAR,2023,OC,Thomas Brown
CAR,2024,HC,Dave Canales
CAR,2024,OC,Brad Idzik
CHI,2015,HC,John Fox
CHI,2015,OC,Adam Gase
CHI,2016,HC,John Fox
CHI,2016,OC,Dowell Loggains
CHI,2017,HC,John Fox
CHI,2017,OC,Dowell Loggains
CHI,2018,HC,Matt Nagy
CHI,2018,OC,Mark Helfrich
CHI,2019,HC,Matt Nagy
CHI,2019,OC,Mark Helfrich
CHI,2020,HC,Matt Nagy
CHI,2020,OC,Bill Lazor
CHI,2021,HC,Matt Nagy
CHI,2021,OC,Bill Lazor
CHI,2022,HC,Matt Eberflus
CHI,2022,OC,Luke Getsy
CHI,2023,HC,Matt Eberflus
CHI,2023,OC,Luke Getsy
CHI,2024,HC,Matt Eberflus
CHI,2024,OC,Shane Waldron
CIN,2015,HC,Marvin Lewis
CIN,2015,OC,Hue Jackson
CIN,2016,HC,Marvin Lewis
CIN,2016,OC,Ken Zampese
CIN,2017,HC,Marvin Lewis
CIN,2017,OC,Ken Zampese
CIN,2018,HC,Marvin Lewis
CIN,2018,OC,Bill Lazor
CIN,2019,HC,Zac Taylor
CIN,2019,OC,Brian Callahan
CIN,2020,HC,Zac Taylor
CIN,2020,OC,Brian Callahan
CIN,2021,HC,Zac Taylor
CIN,2021,OC,Brian Callahan
CIN,2022,HC,Zac Taylor
CIN,2022,OC,Brian Callahan
CIN,2023,HC,Zac Taylor
CIN,2023,OC,Brian Callahan
CIN,2024,HC,Zac Taylor
CIN,2024,OC,Dan Pitcher
CLE,2015,HC,Mike Pettine
CLE,2015,OC,John DeFilippo
CLE,2016,HC,Hue Jackson
CLE,2016,OC,Hue Jackson
CLE,2017,HC,Hue Jackson
CLE,2017,OC,Hue Jackson
CLE,2018,HC,Hue Jackson
CLE,2018,OC,Todd Haley
CLE,2019,HC,Freddie Kitchens
CLE,2019,OC,Todd Monken
CLE,2020,HC,Kevin Stefanski
CLE,2020,OC,Alex Van Pelt
CLE,2021,HC,Kevin Stefanski
CLE,2021,OC,Alex Van Pelt
CLE,2022,HC,Kevin Stefanski
CLE,2022,OC,Alex Van Pelt
CLE,2023,HC,Kevin Stefanski
CLE,2023,OC,Alex Van Pelt
CLE,2024,HC,Kevin Stefanski
CLE,2024,OC,Ken Dorsey
DAL,2015,HC,Jason Garrett
DAL,2015,OC,Scott Linehan
DAL,2016,HC,Jason Garrett
DAL,2016,OC,Scott Linehan
DAL,2017,HC,Jason Garrett
DAL,2017,OC,Scott Linehan
DAL,2018,HC,Jason Garrett
DAL,2018,OC,Scott Linehan
DAL,2019,HC,Jason Garrett
DAL,2019,OC,Kellen Moore
DAL,2020,HC,Mike McCarthy
DAL,2020,OC,Kellen Moore
DAL,2021,HC,Mike McCarthy
DAL,2021,OC,Kellen Moore
DAL,2022,HC,Mike McCarthy
DAL,2022,OC,Kellen Moore
DAL,2023,HC,Mike McCarthy
DAL,2023,OC,Brian Schottenheimer
DAL,2024,HC,Mike McCarthy
DAL,2024,OC,Brian Schottenheimer
DEN,2015,HC,Gary Kubiak
DEN,2015,OC,Rick Dennison
DEN,2016,HC,Gary Kubiak
DEN,2016,OC,Rick Dennison
DEN,2017,HC,Vance Joseph
DEN,2017,OC,Mike McCoy
DEN,2018,HC,Vance Joseph
DEN,2018,OC,Bill Musgrave
DEN,2019,HC,Vic Fangio
DEN,2019,OC,Rich Scangarello
DEN,2020,HC,Vic Fangio
DEN,2020,OC,Pat Shurmur
DEN,2021,HC,Vic Fangio
DEN,2021,OC,Pat Shurmur
DEN,2022,HC,Nathaniel Hackett
DEN,2022,OC,Justin Outten
DEN,2023,HC,Sean Payton
DEN,2023,OC,Joe Lombardi
DEN,2024,HC,Sean Payton
DEN,2024,OC,Joe Lombardi
DET,2015,HC,Jim Caldwell
DET,2015,OC,Joe Lombardi
DET,2016,HC,Jim Caldwell
DET,2016,OC,Jim Bob Cooter
DET,2017,HC,Jim Caldwell
DET,2017,OC,Jim Bob Cooter
DET,2018,HC,Matt Patricia
DET,2018,OC,Jim Bob Cooter
DET,2019,HC,Matt Patricia
DET,2019,OC,Darrell Bevell
DET,2020,HC,Matt Patricia
DET,2020,OC,Darrell Bevell
DET,2021,HC,Dan Campbell
DET,2021,OC,Anthony Lynn
DET,2022,HC,Dan Campbell
DET,2022,OC,Ben Johnson
DET,2023,HC,Dan Campbell
DET,2023,OC,Ben Johnson
DET,2024,HC,Dan Campbell
DET,2024,OC,Ben Johnson
GB,2015,HC,Mike McCarthy
GB,2015,OC,Edgar Bennett
GB,2016,HC,Mike McCarthy
GB,2016,OC,Edgar Bennett
GB,2017,HC,Mike McCarthy
GB,2017,OC,Edgar Bennett
GB,2018,HC,Mike McCarthy
GB,2018,OC,Joe Philbin
GB,2019,HC,Matt LaFleur
GB,2019,OC,Nathaniel Hackett
GB,2020,HC,Matt LaFleur
GB,2020,OC,Nathaniel Hackett
GB,2021,HC,Matt LaFleur
GB,2021,OC,Nathaniel Hackett
GB,2022,HC,Matt LaFleur
GB,2022,OC,Adam Stenavich
GB,2023,HC,Matt LaFleur
GB,2023,OC,Adam Stenavich
GB,2024,HC,Matt LaFleur
GB,2024,OC,Adam Stenavich
HOU,2015,HC,Bill O'Brien
HOU,2015,OC,George Godsey
HOU,2016,HC,Bill O'Brien
HOU,2016,OC,George Godsey
HOU,2017,HC,Bill O'Brien
HOU,2017,OC,Bill O'Brien
HOU,2018,HC,Bill O'Brien
HOU,2018,OC,Bill O'Brien
HOU,2019,HC,Bill O'Brien
HOU,2019,OC,Tim Kelly
HOU,2020,HC,Bill O'Brien
HOU,2020,OC,Tim Kelly
HOU,2021,HC,David Culley
HOU,2021,OC,Tim Kelly
HOU,2022,HC,Lovie Smith
HOU,2022,OC,Pep Hamilton
HOU,2023,HC,DeMeco Ryans
HOU,2023,OC,Bobby Slowik
HOU,2024,HC,DeMeco Ryans
HOU,2024,OC,Bobby Slowik
IND,2015,HC,Chuck Pagano
IND,2015,OC,Pep Hamilton
IND,2016,HC,Chuck Pagano
IND,2016,OC,Rob Chudzinski
IND,2017,HC,Chuck Pagano
IND,2017,OC,Rob Chudzinski
IND,2018,HC,Frank Reich
IND,2018,OC,Nick Sirianni
IND,2019,HC,Frank Reich
IND,2019,OC,Nick Sirianni
IND,2020,HC,Frank Reich
IND,2020,OC,Nick Sirianni
IND,2021,HC,Frank Reich
IND,2021,OC,Marcus Brady
IND,2022,HC,Frank Reich
IND,2022,OC,Marcus Brady
IND,2023,HC,Shane Steichen
IND,2023,OC,Jim Bob Cooter
IND,2024,HC,Shane Steichen
IND,2024,OC,Jim Bob Cooter
JAX,2015,HC,Gus Bradley
JAX,2015,OC,Greg Olson
JAX,2016,HC,Gus Bradley
JAX,2016,OC,Greg Olson
JAX,2017,HC,Doug Marrone
JAX,2017,OC,Nathaniel Hackett
JAX,2018,HC,Doug Marrone
JAX,2018,OC,Nathaniel Hackett
JAX,2019,HC,Doug Marrone
JAX,2019,OC,John DeFilippo
JAX,2020,HC,Doug Marrone
JAX,2020,OC,Jay Gruden
JAX,2021,HC,Urban Meyer
JAX,2021,OC,Darrell Bevell
JAX,2022,HC,Doug Pederson
JAX,2022,OC,Press Taylor
JAX,2023,HC,Doug Pederson
JAX,2023,OC,Press Taylor
JAX,2024,HC,Doug Pederson
JAX,2024,OC,Press Taylor
KC,2015,HC,Andy Reid
KC,2015,OC,Doug Pederson
KC,2016,HC,Andy Reid
KC,2016,OC,Brad Childress / Matt Nagy
KC,2017,HC,Andy Reid
KC,2017,OC,Matt Nagy
KC,2018,HC,Andy Reid
KC,2018,OC,Eric Bieniemy
KC,2019,HC,Andy Reid
KC,2019,OC,Eric Bieniemy
KC,2020,HC,Andy Reid
KC,2020,OC,Eric Bieniemy
KC,2021,HC,Andy Reid
KC,2021,OC,Eric Bieniemy
KC,2022,HC,Andy Reid
KC,2022,OC,Eric Bieniemy
KC,2023,HC,Andy Reid
KC,2023,OC,Matt Nagy
KC,2024,HC,Andy Reid
KC,2024,OC,Matt Nagy
STL,2015,HC,Jeff Fisher
STL,2015,OC,Frank Cignetti
LA,2016,HC,Jeff Fisher
LA,2016,OC,Rob Boras
LA,2017,HC,Sean McVay
LA,2017,OC,Matt LaFleur
LA,2018,HC,Sean McVay
LA,2018,OC,Sean McVay
LA,2019,HC,Sean McVay
LA,2019,OC,Sean McVay
LA,2020,HC,Sean McVay
LA,2020,OC,Kevin O'Connell
LA,2021,HC,Sean McVay
LA,2021,OC,Kevin O'Connell
LA,2022,HC,Sean McVay
LA,2022,OC,Liam Coen
LA,2023,HC,Sean McVay
LA,2023,OC,Mike LaFleur
LA,2024,HC,Sean McVay
LA,2024,OC,Mike LaFleur
SD,2015,HC,Mike McCoy
SD,2015,OC,Frank Reich
SD,2016,HC,Mike McCoy
SD,2016,OC,Ken Whisenhunt
LAC,2017,HC,Anthony Lynn
LAC,2017,OC,Ken Whisenhunt
LAC,2018,HC,Anthony Lynn
LAC,2018,OC,Ken Whisenhunt
LAC,2019,HC,Anthony Lynn
LAC,2019,OC,Ken Whisenhunt
LAC,2020,HC,Anthony Lynn
LAC,2020,OC,Shane Steichen
LAC,2021,HC,Brandon Staley
LAC,2021,OC,Joe Lombardi
LAC,2022,HC,Brandon Staley
LAC,2022,OC,Joe Lombardi
LAC,2023,HC,Brandon Staley
LAC,2023,OC,Kellen Moore
LAC,2024,HC,Jim Harbaugh
LAC,2024,OC,Greg Roman
OAK,2015,HC,Jack Del Rio
OAK,2015,OC,Bill Musgrave
OAK,2016,HC,Jack Del Rio
OAK,2016,OC,Bill Musgrave
OAK,2017,HC,Jack Del Rio
OAK,2017,OC,Todd Downing
OAK,2018,HC,Jon Gruden
OAK,2018,OC,Greg Olson
OAK,2019,HC,Jon Gruden
OAK,2019,OC,Greg Olson
LV,2020,HC,Jon Gruden
LV,2020,OC,Greg Olson
LV,2021,HC,Jon Gruden
LV,2021,OC,Greg Olson
LV,2022,HC,Josh McDaniels
LV,2022,OC,Mick Lombardi
LV,2023,HC,Josh McDaniels
LV,2023,OC,Mick Lombardi
LV,2024,HC,Antonio Pierce
LV,2024,OC,Luke Getsy
MIA,2015,HC,Joe Philbin
MIA,2015,OC,Bill Lazor
MIA,2016,HC,Adam Gase
MIA,2016,OC,Clyde Christensen
MIA,2017,HC,Adam Gase
MIA,2017,OC,Clyde Christensen
MIA,2018,HC,Adam Gase
MIA,2018,OC,Dowell Loggains
MIA,2019,HC,Brian Flores
MIA,2019,OC,Chad O'Shea
MIA,2020,HC,Brian Flores
MIA,2020,OC,Chan Gailey
MIA,2021,HC,Brian Flores
MIA,2021,OC,Eric Studesville / George Godsey
MIA,2022,HC,Mike McDaniel
MIA,2022,OC,Frank Smith
MIA,2023,HC,Mike McDaniel
MIA,2023,OC,Frank Smith
MIA,2024,HC,Mike McDaniel
MIA,2024,OC,Frank Smith
MIN,2015,HC,Mike Zimmer
MIN,2015,OC,Norv Turner
MIN,2016,HC,Mike Zimmer
MIN,2016,OC,Norv Turner
MIN,2017,HC,Mike Zimmer
MIN,2017,OC,Pat Shurmur
MIN,2018,HC,Mike Zimmer
MIN,2018,OC,John DeFilippo
MIN,2019,HC,Mike Zimmer
MIN,2019,OC,Kevin Stefanski
MIN,2020,HC,Mike Zimmer
MIN,2020,OC,Gary Kubiak
MIN,2021,HC,Mike Zimmer
MIN,2021,OC,Klint Kubiak
MIN,2022,HC,Kevin O'Connell
MIN,2022,OC,Wes Phillips
MIN,2023,HC,Kevin O'Connell
MIN,2023,OC,Wes Phillips
MIN,2024,HC,Kevin O'Connell
MIN,2024,OC,Wes Phillips
NE,2015,HC,Bill Belichick
NE,2015,OC,Josh McDaniels
NE,2016,HC,Bill Belichick
NE,2016,OC,Josh McDaniels
NE,2017,HC,Bill Belichick
NE,2017,OC,Josh McDaniels
NE,2018,HC,Bill Belichick
NE,2018,OC,Josh McDaniels
NE,2019,HC,Bill Belichick
NE,2019,OC,Josh McDaniels
NE,2020,HC,Bill Belichick
NE,2020,OC,Josh McDaniels
NE,2021,HC,Bill Belichick
NE,2021,OC,Josh McDaniels
NE,2022,HC,Bill Belichick
NE,2022,OC,Bill Belichick
NE,2023,HC,Bill Belichick
NE,2023,OC,Bill O'Brien
NE,2024,HC,Jerod Mayo
NE,2024,OC,Alex Van Pelt
NO,2015,HC,Sean Payton
NO,2015,OC,Pete Carmichael
NO,2016,HC,Sean Payton
NO,2016,OC,Pete Carmichael
NO,2017,HC,Sean Payton
NO,2017,OC,Pete Carmichael
NO,2018,HC,Sean Payton
NO,2018,OC,Pete Carmichael
NO,2019,HC,Sean Payton
NO,2019,OC,Pete Carmichael
NO,2020,HC,Sean Payton
NO,2020,OC,Pete Carmichael
NO,2021,HC,Sean Payton
NO,2021,OC,Pete Carmichael
NO,2022,HC,Dennis Allen
NO,2022,OC,Pete Carmichael
NO,2023,HC,Dennis Allen
NO,2023,OC,Pete Carmichael
NO,2024,HC,Dennis Allen
NO,2024,OC,Klint Kubiak
NYG,2015,HC,Tom Coughlin
NYG,2015,OC,Ben McAdoo
NYG,2016,HC,Ben McAdoo
NYG,2016,OC,Mike Sullivan
NYG,2017,HC,Ben McAdoo
NYG,2017,OC,Mike Sullivan
NYG,2018,HC,Pat Shurmur
NYG,2018,OC,Mike Shula
NYG,2019,HC,Pat Shurmur
NYG,2019,OC,Mike Shula
NYG,2020,HC,Joe Judge
NYG,2020,OC,Jason Garrett
NYG,2021,HC,Joe Judge
NYG,2021,OC,Jason Garrett
NYG,2022,HC,Brian Daboll
NYG,2022,OC,Mike Kafka
NYG,2023,HC,Brian Daboll
NYG,2023,OC,Mike Kafka
NYG,2024,HC,Brian Daboll
NYG,2024,OC,Mike Kafka
NYJ,2015,HC,Todd Bowles
NYJ,2015,OC,Chan Gailey
NYJ,2016,HC,Todd Bowles
NYJ,2016,OC,Chan Gailey
NYJ,2017,HC,Todd Bowles
NYJ,2017,OC,John Morton
NYJ,2018,HC,Todd Bowles
NYJ,2018,OC,Jeremy Bates
NYJ,2019,HC,Adam Gase
NYJ,2019,OC,Dowell Loggains
NYJ,2020,HC,Adam Gase
NYJ,2020,OC,Dowell Loggains
NYJ,2021,HC,Robert Saleh
NYJ,2021,OC,Mike LaFleur
NYJ,2022,HC,Robert Saleh
NYJ,2022,OC,Mike LaFleur
NYJ,2023,HC,Robert Saleh
NYJ,2023,OC,Nathaniel Hackett
NYJ,2024,HC,Robert Saleh
NYJ,2024,OC,Nathaniel Hackett
PHI,2015,HC,Chip Kelly
PHI,2015,OC,Pat Shurmur
PHI,2016,HC,Doug Pederson
PHI,2016,OC,Frank Reich
PHI,2017,HC,Doug Pederson
PHI,2017,OC,Frank Reich
PHI,2018,HC,Doug Pederson
PHI,2018,OC,Mike Groh
PHI,2019,HC,Doug Pederson
PHI,2019,OC,Mike Groh
PHI,2020,HC,Doug Pederson
PHI,2020,OC,Doug Pederson
PHI,2021,HC,Nick Sirianni
PHI,2021,OC,Shane Steichen
PHI,2022,HC,Nick Sirianni
PHI,2022,OC,Shane Steichen
PHI,2023,HC,Nick Sirianni
PHI,2023,OC,Brian Johnson
PHI,2024,HC,Nick Sirianni
PHI,2024,OC,Kellen Moore
PIT,2015,HC,Mike Tomlin
PIT,2015,OC,Todd Haley
PIT,2016,HC,Mike Tomlin
PIT,2016,OC,Todd Haley
PIT,2017,HC,Mike Tomlin
PIT,2017,OC,Todd Haley
PIT,2018,HC,Mike Tomlin
PIT,2018,OC,Randy Fichtner
PIT,2019,HC,Mike Tomlin
PIT,2019,OC,Randy Fichtner
PIT,2020,HC,Mike Tomlin
PIT,2020,OC,Randy Fichtner
PIT,2021,HC,Mike Tomlin
PIT,2021,OC,Matt Canada
PIT,2022,HC,Mike Tomlin
PIT,2022,OC,Matt Canada
PIT,2023,HC,Mike Tomlin
PIT,2023,OC,Matt Canada
PIT,2024,HC,Mike Tomlin
PIT,2024,OC,Arthur Smith
SEA,2015,HC,Pete Carroll
SEA,2015,OC,Darrell Bevell
SEA,2016,HC,Pete Carroll
SEA,2016,OC,Darrell Bevell
SEA,2017,HC,Pete Carroll
SEA,2017,OC,Darrell Bevell
SEA,2018,HC,Pete Carroll
SEA,2018,OC,Brian Schottenheimer
SEA,2019,HC,Pete Carroll
SEA,2019,OC,Brian Schottenheimer
SEA,2020,HC,Pete Carroll
SEA,2020,OC,Brian Schottenheimer
SEA,2021,HC,Pete Carroll
SEA,2021,OC,Shane Waldron
SEA,2022,HC,Pete Carroll
SEA,2022,OC,Shane Waldron
SEA,2023,HC,Pete Carroll
SEA,2023,OC,Shane Waldron
SEA,2024,HC,Mike Macdonald
SEA,2024,OC,Ryan Grubb
SF,2015,HC,Jim Tomsula
SF,2015,OC,Geep Chryst
SF,2016,HC,Chip Kelly
SF,2016,OC,Curtis Modkins
SF,2017,HC,Kyle Shanahan
SF,2017,OC,Kyle Shanahan
SF,2018,HC,Kyle Shanahan
SF,2018,OC,Kyle Shanahan
SF,2019,HC,Kyle Shanahan
SF,2019,OC,Kyle Shanahan
SF,2020,HC,Kyle Shanahan
SF,2020,OC,Kyle Shanahan
SF,2021,HC,Kyle Shanahan
SF,2021,OC,Mike McDaniel
SF,2022,HC,Kyle Shanahan
SF,2022,OC,Kyle Shanahan
SF,2023,HC,Kyle Shanahan
SF,2023,OC,Kyle Shanahan
SF,2024,HC,Kyle Shanahan
SF,2024,OC,Kyle Shanahan
TB,2015,HC,Lovie Smith
TB,2015,OC,Dirk Koetter
TB,2016,HC,Dirk Koetter
TB,2016,OC,Todd Monken
TB,2017,HC,Dirk Koetter
TB,2017,OC,Todd Monken
TB,2018,HC,Dirk Koetter
TB,2018,OC,Todd Monken
TB,2019,HC,Bruce Arians
TB,2019,OC,Byron Leftwich
TB,2020,HC,Bruce Arians
TB,2020,OC,Byron Leftwich
TB,2021,HC,Bruce Arians
TB,2021,OC,Byron Leftwich
TB,2022,HC,Todd Bowles
TB,2022,OC,Byron Leftwich
TB,2023,HC,Todd Bowles
TB,2023,OC,Dave Canales
TB,2024,HC,Todd Bowles
TB,2024,OC,Liam Coen
TEN,2015,HC,Ken Whisenhunt
TEN,2015,OC,Jason Michael
TEN,2016,HC,Mike Mularkey
TEN,2016,OC,Terry Robiskie
TEN,2017,HC,Mike Mularkey
TEN,2017,OC,Terry Robiskie
TEN,2018,HC,Mike Vrabel
TEN,2018,OC,Matt LaFleur
TEN,2019,HC,Mike Vrabel
TEN,2019,OC,Arthur Smith
TEN,2020,HC,Mike Vrabel
TEN,2020,OC,Arthur Smith
TEN,2021,HC,Mike Vrabel
TEN,2021,OC,Todd Downing
TEN,2022,HC,Mike Vrabel
TEN,2022,OC,Todd Downing
TEN,2023,HC,Mike Vrabel
TEN,2023,OC,Tim Kelly
TEN,2024,HC,Brian Callahan
TEN,2024,OC,Nick Holz
WAS,2015,HC,Jay Gruden
WAS,2015,OC,Sean McVay
WAS,2016,HC,Jay Gruden
WAS,2016,OC,Sean McVay
WAS,2017,HC,Jay Gruden
WAS,2017,OC,Matt Cavanaugh
WAS,2018,HC,Jay Gruden
WAS,2018,OC,Matt Cavanaugh
WAS,2019,HC,Jay Gruden
WAS,2019,OC,Kevin O'Connell
WAS,2020,HC,Ron Rivera
WAS,2020,OC,Scott Turner
WAS,2021,HC,Ron Rivera
WAS,2021,OC,Scott Turner
WAS,2022,HC,Ron Rivera
WAS,2022,OC,Scott Turner
WAS,2023,HC,Ron Rivera
WAS,2023,OC,Eric Bieniemy
WAS,2024,HC,Dan Quinn
WAS,2024,OC,Kliff Kingsbury
ARI,2025,HC,Jonathan Gannon
ARI,2025,OC,Drew Petzing
ARI,2026,HC,Mike LaFleur
ARI,2026,OC,Nathaniel Hackett
ATL,2025,HC,Raheem Morris
ATL,2025,OC,Zac Robinson
ATL,2026,HC,Kevin Stefanski
ATL,2026,OC,Tommy Rees
BAL,2025,HC,John Harbaugh
BAL,2025,OC,Todd Monken
BAL,2026,HC,Jesse Minter
BAL,2026,OC,Declan Doyle
BUF,2025,HC,Sean McDermott
BUF,2025,OC,Joe Brady
BUF,2026,HC,Joe Brady
BUF,2026,OC,Pete Carmichael
CAR,2025,HC,Dave Canales
CAR,2025,OC,Brad Idzik
CAR,2026,HC,Dave Canales
CAR,2026,OC,Brad Idzik
CHI,2025,HC,Ben Johnson
CHI,2025,OC,Declan Doyle
CHI,2026,HC,Ben Johnson
CHI,2026,OC,Press Taylor
CIN,2025,HC,Zac Taylor
CIN,2025,OC,Dan Pitcher
CIN,2026,HC,Zac Taylor
CIN,2026,OC,Dan Pitcher
CLE,2025,HC,Kevin Stefanski
CLE,2025,OC,Tommy Rees
CLE,2026,HC,Todd Monken
CLE,2026,OC,Travis Switzer
DAL,2025,HC,Brian Schottenheimer
DAL,2025,OC,Klayton Adams
DAL,2026,HC,Brian Schottenheimer
DAL,2026,OC,Klayton Adams
DEN,2025,HC,Sean Payton
DEN,2025,OC,Joe Lombardi
DEN,2026,HC,Sean Payton
DEN,2026,OC,Davis Webb
DET,2025,HC,Dan Campbell
DET,2025,OC,John Morton
DET,2026,HC,Dan Campbell
DET,2026,OC,Drew Petzing
GB,2025,HC,Matt LaFleur
GB,2025,OC,Adam Stenavich
GB,2026,HC,Matt LaFleur
GB,2026,OC,Adam Stenavich
HOU,2025,HC,DeMeco Ryans
HOU,2025,OC,Nick Caley
HOU,2026,HC,DeMeco Ryans
HOU,2026,OC,Nick Caley
IND,2025,HC,Shane Steichen
IND,2025,OC,Jim Bob Cooter
IND,2026,HC,Shane Steichen
IND,2026,OC,Jim Bob Cooter
JAX,2025,HC,Liam Coen
JAX,2025,OC,Grant Udinski
JAX,2026,HC,Liam Coen
JAX,2026,OC,Grant Udinski
KC,2025,HC,Andy Reid
KC,2025,OC,Matt Nagy
KC,2026,HC,Andy Reid
KC,2026,OC,Eric Bieniemy
LA,2025,HC,Sean McVay
LA,2025,OC,Mike LaFleur
LA,2026,HC,Sean McVay
LA,2026,OC,Nathan Scheelhaase
LAC,2025,HC,Jim Harbaugh
LAC,2025,OC,Greg Roman
LAC,2026,HC,Jim Harbaugh
LAC,2026,OC,Mike McDaniel
LV,2025,HC,Pete Carroll
LV,2025,OC,Chip Kelly
LV,2026,HC,Klint Kubiak
LV,2026,OC,Andrew Janocko
MIA,2025,HC,Mike McDaniel
MIA,2025,OC,Frank Smith
MIA,2026,HC,Jeff Hafley
MIA,2026,OC,Bobby Slowik
MIN,2025,HC,Kevin O'Connell
MIN,2025,OC,Wes Phillips
MIN,2026,HC,Kevin O'Connell
MIN,2026,OC,Wes Phillips
NE,2025,HC,Mike Vrabel
NE,2025,OC,Josh McDaniels
NE,2026,HC,Mike Vrabel
NE,2026,OC,Josh McDaniels
NO,2025,HC,Kellen Moore
NO,2025,OC,Doug Nussmeier
NO,2026,HC,Kellen Moore
NO,2026,OC,Doug Nussmeier
NYG,2025,HC,Brian Daboll
NYG,2025,OC,Tim Kelly
NYG,2026,HC,John Harbaugh
NYG,2026,OC,Matt Nagy
NYJ,2025,HC,Aaron Glenn
NYJ,2025,OC,Tanner Engstrand
NYJ,2026,HC,Aaron Glenn
NYJ,2026,OC,Frank Reich
PHI,2025,HC,Nick Sirianni
PHI,2025,OC,Kevin Patullo
PHI,2026,HC,Nick Sirianni
PHI,2026,OC,Sean Mannion
PIT,2025,HC,Mike Tomlin
PIT,2025,OC,Arthur Smith
PIT,2026,HC,Mike McCarthy
PIT,2026,OC,Brian Angelichio
SEA,2025,HC,Mike Macdonald
SEA,2025,OC,Klint Kubiak
SEA,2026,HC,Mike Macdonald
SEA,2026,OC,Brian Fleury
SF,2025,HC,Kyle Shanahan
SF,2025,OC,Klay Kubiak
SF,2026,HC,Kyle Shanahan
SF,2026,OC,Klay Kubiak
TB,2025,HC,Todd Bowles
TB,2025,OC,Josh Grizzard
TB,2026,HC,Todd Bowles
TB,2026,OC,Zac Robinson
TEN,2025,HC,Brian Callahan
TEN,2025,OC,Nick Holz
TEN,2026,HC,Robert Saleh
TEN,2026,OC,Brian Daboll
WAS,2025,HC,Dan Quinn
WAS,2025,OC,Kliff Kingsbury
WAS,2026,HC,Dan Quinn
WAS,2026,OC,David Blough
