season,player,spot,targets,completions,yards,touchdowns,interceptions,brokenUp
2021,00-0035236,CB,56,44,456,0,4,10
2021,00-0029681,CB,34,27,227,0,1,7
2021,00-0036416,CB,43,29,355,0,2,14
2021,00-0030528,CB,25,21,169,0,1,4
2021,00-0033132,S,13,0,0,0,5,12
2021,00-0036884,CB,35,31,299,0,0,4
2021,00-0033294,S,12,0,0,0,2,12
2021,00-0029261,CB,39,29,326,0,1,10
2021,00-0035695,CB,17,13,173,0,1,4
2021,00-0033281,CB,46,33,329,0,1,13
2021,00-0032770,CB,27,24,191,0,1,3
2021,00-0034265,CB,50,39,502,0,3,11
2021,00-0035422,CB,15,12,161,0,0,3
2021,00-0033055,CB,72,52,520,0,4,20
2021,00-0035665,CB,40,35,359,0,2,4
2021,00-0034203,CB,63,52,550,0,0,11
2021,00-0036292,CB,31,22,257,0,1,9
2021,00-0036307,CB,25,21,312,0,0,4
2021,00-0036904,CB,13,9,83,0,1,4
2021,00-0036374,CB,63,54,539,0,3,8
2021,00-0034843,CB,43,37,402,0,1,6
2021,00-0034355,CB,24,20,187,0,0,4
2021,00-0034856,CB,38,29,275,0,3,9
2021,00-0034573,CB,55,42,490,0,2,13
2021,00-0036996,CB,37,28,296,0,0,9
2021,00-0036361,CB,55,34,455,0,11,21
2021,00-0033047,CB,70,53,611,0,4,17
2021,00-0035239,CB,26,23,278,0,0,3
2021,00-0034778,CB,41,30,219,0,1,11
2021,00-0031016,CB,26,20,182,0,0,6
2021,00-0035699,CB,51,41,454,0,2,10
2021,00-0033928,CB,48,38,463,0,3,8
2021,00-0031041,CB,34,30,322,0,0,4
2021,00-0033878,CB,40,33,310,0,1,7
2021,00-0036388,S,10,0,0,0,5,10
2021,00-0036394,CB,15,13,116,0,1,2
2021,00-0032195,CB,37,31,363,0,0,6
2021,00-0032890,CB,46,29,302,0,4,17
2021,00-0031904,CB,22,18,196,0,0,4
2021,00-0034728,CB,12,9,128,0,1,3
2021,00-0034468,CB,22,18,168,0,3,4
2021,00-0036937,CB,47,39,469,0,3,8
2021,00-0033874,CB,65,46,533,0,3,19
2021,00-0036901,CB,51,37,351,0,1,14
2021,00-0033894,S,8,0,0,0,2,8
2021,00-0032059,CB,27,22,189,0,3,5
2021,00-0033926,CB,39,32,330,0,0,7
2021,00-0036974,CB,44,34,399,0,2,10
2021,00-0036281,CB,23,21,256,0,0,2
2021,00-0033566,CB,49,43,555,0,3,6
2021,00-0032758,CB,16,13,193,0,1,3
2021,00-0031097,CB,32,22,246,0,1,10
2021,00-0033107,CB,36,28,296,0,2,7
2021,00-0031587,CB,37,28,476,0,4,9
2021,00-0033084,CB,68,52,499,0,1,16
2021,00-0036617,CB,38,27,311,0,2,11
2021,00-0033697,CB,43,31,336,0,1,12
2021,00-0036625,CB,21,18,202,0,0,3
2021,00-0034591,CB,54,31,328,0,8,21
2021,00-0033050,CB,42,26,324,1,5,16
2021,00-0032239,CB,47,37,441,0,0,10
2021,00-0035346,CB,37,32,414,0,2,3
2021,00-0027136,CB,9,7,114,0,0,2
2021,00-0032803,CB,35,28,318,0,0,7
2021,00-0032580,CB,14,11,113,0,1,3
2021,00-0032521,CB,45,36,331,0,3,8
2021,00-0027943,CB,30,25,246,0,1,5
2021,00-0033579,S,10,0,0,0,3,9
2021,00-0033548,CB,66,51,518,0,3,15
2021,00-0031052,CB,36,31,327,0,2,5
2021,00-0032389,CB,27,23,241,0,0,4
2021,00-0035150,CB,15,15,187,0,0,0
2021,00-0032379,CB,49,36,437,0,2,13
2021,00-0036501,CB,34,29,309,0,0,5
2021,00-0036504,CB,47,38,514,0,2,9
2021,00-0036241,CB,61,45,455,0,0,16
2021,00-0034356,CB,45,35,459,0,2,10
2021,00-0036149,CB,23,20,186,0,0,3
2021,00-0036285,CB,47,31,296,0,3,16
2021,00-0034357,CB,8,5,29,0,0,3
2021,00-0030062,CB,42,32,406,0,3,10
2021,00-0034377,CB,46,37,229,1,1,9
2021,00-0033918,CB,46,35,320,0,0,11
2021,00-0032150,CB,37,29,316,0,1,8
2021,00-0033059,CB,8,7,91,0,0,1
2021,00-0033930,CB,42,36,323,0,2,5
2021,00-0034514,CB,48,37,426,0,3,10
2021,00-0027860,CB,25,19,162,0,0,6
2021,00-0030090,S,11,0,0,0,6,9
2021,00-0034376,CB,38,31,286,0,1,6
2021,00-0033884,CB,24,18,171,0,1,6
2021,00-0035795,CB,26,22,238,0,1,4
2021,00-0034756,CB,22,19,248,0,0,3
2021,00-0031269,CB,16,15,207,0,0,1
2021,00-0033393,CB,62,49,441,0,4,12
2021,00-0034384,CB,44,34,430,0,2,10
2021,00-0035637,CB,29,21,221,0,0,8
2021,00-0035270,CB,43,32,424,0,6,10
2021,00-0036563,CB,9,7,70,0,0,2
2021,00-0037008,CB,25,19,217,0,1,6
2021,00-0031061,CB,17,15,160,0,0,2
2021,00-0035681,S,8,0,0,0,4,6
2021,00-0031796,CB,20,17,199,0,2,2
2021,00-0030114,S,9,0,0,0,5,9
2021,00-0036166,CB,27,21,265,0,0,6
2021,00-0032939,S,9,0,0,0,2,8
2021,00-0035696,CB,26,23,228,0,0,3
2021,00-0032454,S,10,0,0,0,2,10
2021,00-0036874,CB,49,35,353,0,4,14
2021,00-0036316,CB,13,11,142,0,0,2
2021,00-0033524,CB,18,15,123,0,1,3
2021,00-0036993,CB,9,6,107,0,0,3
2021,00-0036752,CB,36,29,215,0,1,6
2021,00-0035244,CB,24,18,372,0,3,6
2021,00-0035147,CB,44,36,352,0,0,8
2021,00-0036222,CB,38,31,310,0,3,7
2021,00-0036871,CB,31,28,252,0,1,2
2021,00-0032933,CB,21,17,151,0,0,4
2021,00-0036330,CB,34,26,257,0,1,8
2021,00-0031404,S,9,0,0,0,4,9
2021,00-0035241,CB,15,10,142,0,0,5
2021,00-0027647,S,8,0,0,0,3,7
2021,00-0030562,CB,22,16,166,0,0,6
2021,00-0029285,CB,34,29,386,0,1,5
2021,00-0031253,CB,34,27,226,0,2,7
2021,00-0036240,CB,27,23,281,0,0,4
2021,00-0032320,S,8,0,0,0,0,8
2021,00-0027965,CB,14,11,104,0,0,3
2021,00-0035638,CB,36,26,303,0,2,10
2021,00-0034096,CB,49,38,369,0,1,11
2021,00-0034968,S,9,0,0,0,2,9
2021,00-0033435,CB,8,6,148,0,0,2
2021,00-0036992,CB,31,27,245,1,1,4
2021,00-0034903,CB,28,24,282,0,0,4
2021,00-0035684,CB,14,13,113,0,0,1
2021,00-0032971,S,12,0,0,0,5,11
2021,00-0034515,CB,12,10,123,0,1,2
2021,00-0032942,CB,9,8,75,0,0,1
2021,00-0030228,CB,22,19,139,0,0,3
2021,00-0036114,CB,12,6,86,0,1,6
2021,00-0031785,CB,16,15,124,0,0,1
2021,00-0034488,CB,27,23,161,0,2,4
2021,00-0030575,CB,32,26,295,0,1,6
2021,00-0034516,CB,10,10,99,0,0,0
2021,00-0031546,CB,10,9,131,0,0,1
2021,00-0031372,CB,19,14,105,0,1,5
2021,00-0033503,CB,19,18,233,0,0,1
2021,00-0033543,CB,45,35,337,0,0,10
2021,00-0034527,CB,20,17,209,0,0,3
2021,00-0028092,CB,12,11,137,0,1,1
2021,00-0031331,CB,23,19,230,0,2,4
2021,00-0028224,CB,25,19,230,0,1,6
2021,00-0036748,CB,26,19,238,0,0,7
2021,00-0031584,S,9,0,0,0,3,9
2021,00-0036087,CB,28,25,284,0,1,3
2021,00-0036956,CB,20,17,176,0,0,3
2021,00-0036561,CB,25,22,293,0,0,3
2021,00-0033551,CB,49,35,334,0,5,14
2021,00-0032641,CB,22,19,154,0,0,3
2021,00-0035437,CB,8,7,61,0,0,1
2021,00-0034545,CB,40,27,258,0,1,13
2021,00-0031176,CB,17,12,178,0,1,5
2021,00-0036998,S,10,0,0,0,2,10
2021,00-0034374,S,8,0,0,0,2,7
2021,00-0034071,CB,15,13,120,0,0,2
2021,00-0029542,CB,9,7,40,0,2,2
2021,00-0034675,S,9,0,0,0,3,9
2021,00-0036935,CB,10,8,62,0,0,2
2021,00-0033783,CB,19,10,108,0,3,8
2021,00-0033103,CB,14,9,70,0,0,5
2021,00-0036899,CB,15,12,108,0,0,3
2021,00-0028075,CB,11,8,77,0,1,3
2021,00-0036390,CB,10,8,60,0,0,2
2022,00-0034384,CB,54,42,406,0,1,12
2022,00-0033894,S,9,0,0,0,4,9
2022,00-0037190,CB,52,32,363,0,2,19
2022,00-0034374,S,8,0,0,0,2,7
2022,00-0033281,CB,51,44,466,0,3,6
2022,00-0036501,CB,40,31,317,0,2,8
2022,00-0033055,CB,62,44,476,0,4,18
2022,00-0036166,CB,44,31,380,0,2,13
2022,00-0037288,CB,17,12,116,0,1,5
2022,00-0035665,CB,18,17,222,0,0,1
2022,00-0031785,CB,30,26,188,0,1,4
2022,00-0034376,CB,54,43,405,0,1,11
2022,00-0037242,CB,31,25,247,0,3,6
2022,00-0030114,S,8,0,0,0,4,6
2022,00-0034356,CB,29,26,185,0,2,3
2022,00-0036944,CB,31,24,285,0,3,7
2022,00-0036996,CB,28,22,177,0,0,6
2022,00-0037250,CB,55,40,501,0,0,15
2022,00-0036281,CB,47,41,397,0,2,6
2022,00-0036282,S,10,0,0,0,4,10
2022,00-0034856,CB,41,26,337,0,3,15
2022,00-0036874,CB,41,31,350,0,2,10
2022,00-0035277,CB,54,41,460,0,1,13
2022,00-0031253,CB,25,18,166,0,1,7
2022,00-0037079,CB,47,30,389,0,6,17
2022,00-0032195,CB,10,7,68,0,0,3
2022,00-0034728,CB,44,30,351,0,5,14
2022,00-0033551,CB,56,44,388,0,4,12
2022,00-0029606,S,10,0,0,0,5,8
2022,00-0027943,CB,56,41,433,0,5,15
2022,00-0038101,CB,12,10,145,0,0,2
2022,00-0035133,CB,13,11,121,0,1,2
2022,00-0036901,CB,14,14,196,0,0,0
2022,00-0036330,CB,39,34,299,0,0,5
2022,00-0033393,CB,29,25,238,0,0,4
2022,00-0037237,CB,29,24,274,0,1,5
2022,00-0033566,CB,35,27,207,0,2,8
2022,00-0029542,CB,49,39,367,0,2,10
2022,00-0032150,CB,31,24,185,0,1,7
2022,00-0034545,CB,26,20,263,0,0,6
2022,00-0033084,CB,38,25,322,0,3,12
2022,00-0034203,CB,43,27,303,0,0,16
2022,00-0031587,CB,40,35,513,0,0,5
2022,00-0033107,CB,13,11,99,0,0,2
2022,00-0033941,S,13,0,0,0,3,13
2022,00-0033926,CB,23,19,153,0,0,4
2022,00-0036625,CB,28,23,401,0,0,5
2022,00-0036638,S,9,0,0,0,4,8
2022,00-0036974,CB,57,42,463,0,3,15
2022,00-0036374,CB,60,47,423,0,3,12
2022,00-0037191,CB,35,25,243,0,0,10
2022,00-0036884,CB,40,30,336,0,3,10
2022,00-0035236,CB,26,22,189,0,0,4
2022,00-0035147,CB,17,15,183,0,0,2
2022,00-0035625,S,12,0,0,0,3,12
2022,00-0037195,CB,52,42,480,0,3,10
2022,00-0038043,CB,32,24,258,0,2,7
2022,00-0035637,CB,39,32,290,0,0,7
2022,00-0036617,CB,54,38,355,0,5,16
2022,00-0031904,CB,37,30,358,0,3,6
2022,00-0033697,CB,48,31,246,0,1,17
2022,00-0036871,CB,41,37,418,0,0,4
2022,00-0035346,CB,12,10,130,0,0,2
2022,00-0033050,CB,40,27,365,0,2,13
2022,00-0036998,S,9,0,0,0,3,7
2022,00-0032803,CB,21,16,196,0,2,4
2022,00-0032580,CB,46,36,375,0,4,10
2022,00-0036087,CB,38,32,349,0,1,5
2022,00-0037353,CB,58,47,541,0,1,11
2022,00-0032059,CB,12,10,108,0,0,2
2022,00-0031372,CB,28,23,241,0,0,5
2022,00-0036285,CB,29,20,236,0,0,9
2022,00-0033874,CB,18,14,193,0,1,4
2022,00-0037034,CB,21,14,162,0,1,7
2022,00-0036416,CB,27,22,208,0,1,5
2022,00-0038125,CB,60,53,548,0,1,7
2022,00-0034662,CB,16,12,114,0,1,3
2022,00-0036394,CB,30,23,208,0,0,7
2022,00-0033878,CB,39,32,283,0,0,7
2022,00-0036615,CB,8,8,128,0,0,0
2022,00-0036274,CB,35,28,396,0,1,7
2022,00-0035270,CB,27,24,306,0,0,3
2022,00-0035253,S,9,0,0,0,6,7
2022,00-0032890,CB,52,34,392,0,4,17
2022,00-0030062,CB,53,39,415,0,3,14
2022,00-0034377,CB,22,19,142,0,1,3
2022,00-0032521,CB,44,36,296,0,1,8
2022,00-0032379,CB,48,39,527,0,0,9
2022,00-0034789,S,11,0,0,0,6,10
2022,00-0033930,CB,37,22,283,0,3,15
2022,00-0033783,CB,13,11,96,0,1,2
2022,00-0032939,S,8,0,0,0,4,8
2022,00-0034514,CB,37,25,348,0,4,11
2022,00-0033503,CB,19,16,198,0,1,3
2022,00-0033548,CB,25,20,245,0,0,5
2022,00-0034756,CB,13,10,98,0,1,3
2022,00-0036307,CB,18,14,138,0,1,4
2022,00-0036564,S,9,0,0,0,4,7
2022,00-0036292,CB,28,21,289,0,0,7
2022,00-0034573,CB,61,47,448,0,1,14
2022,00-0038111,CB,37,31,364,0,3,6
2022,00-0034096,CB,16,12,98,0,1,4
2022,00-0035699,CB,38,30,351,0,2,8
2022,00-0034778,CB,50,38,422,0,1,11
2022,00-0036361,CB,49,35,392,0,3,14
2022,00-0033928,CB,13,12,100,0,1,1
2022,00-0033047,CB,34,27,336,0,0,7
2022,00-0036043,CB,14,11,119,0,0,3
2022,00-0036375,CB,29,20,248,0,2,9
2022,00-0029261,CB,14,11,123,0,1,3
2022,00-0037839,CB,14,9,116,0,3,5
2022,00-0036956,CB,21,19,211,0,0,2
2022,00-0037758,CB,12,9,130,0,0,3
2022,00-0038105,CB,51,44,355,0,0,7
2022,00-0036941,S,11,0,0,0,3,10
2022,00-0034591,CB,12,10,102,0,0,2
2022,00-0034361,S,8,0,0,0,0,8
2022,00-0037984,CB,14,12,135,0,0,2
2022,00-0032165,CB,37,30,283,0,1,7
2022,00-0034468,CB,34,26,293,0,0,8
2022,00-0027647,S,8,0,0,0,4,7
2022,00-0036114,CB,8,7,83,0,1,0
2022,00-0038136,CB,40,36,413,0,0,4
2022,00-0037830,CB,13,11,113,0,1,2
2022,00-0038121,CB,36,26,276,0,0,10
2022,00-0037593,CB,25,16,155,0,0,9
2022,00-0034843,CB,21,20,211,0,0,1
2022,00-0034435,CB,18,14,205,0,0,4
2022,00-0034675,S,8,0,0,0,4,8
2022,00-0033918,CB,45,35,378,0,0,10
2022,00-0037246,S,8,0,0,0,5,8
2022,00-0037106,CB,20,18,183,0,0,2
2022,00-0034516,CB,28,23,264,0,0,5
2022,00-0036222,CB,21,18,188,0,0,3
2022,00-0028899,S,8,0,0,0,2,7
2022,00-0037842,CB,35,31,377,0,0,4
2022,00-0031097,CB,31,27,325,0,1,3
2022,00-0035437,CB,11,11,79,0,0,0
2022,00-0036561,CB,22,19,277,0,0,3
2022,00-0036573,CB,8,5,58,0,0,3
2022,00-0036563,CB,55,48,607,0,3,7
2022,00-0035695,CB,9,8,121,0,0,1
2022,00-0036303,CB,22,14,147,0,2,7
2022,00-0035239,CB,19,12,165,0,2,7
2022,00-0036937,CB,41,34,318,0,0,7
2022,00-0030459,S,8,0,0,0,3,7
2022,00-0038039,CB,18,12,150,0,2,6
2022,00-0037275,CB,43,35,310,0,5,8
2022,00-0037268,CB,8,7,113,0,0,1
2022,00-0037253,CB,29,22,274,0,2,7
2022,00-0036287,CB,10,7,109,0,1,3
2022,00-0036589,CB,25,18,182,0,0,7
2022,00-0035795,CB,14,10,153,0,1,4
2022,00-0034391,CB,8,4,20,0,0,4
2022,00-0034527,S,8,0,0,0,1,8
2022,00-0028224,CB,20,18,163,0,0,2
2022,00-0036231,S,8,0,0,0,3,8
2022,00-0034357,CB,20,13,96,0,1,7
2022,00-0034515,CB,10,10,95,0,0,0
2022,00-0034792,CB,24,17,190,0,0,7
2022,00-0037667,S,8,0,0,0,4,7
2022,00-0032933,CB,29,24,293,0,1,5
2022,00-0034265,CB,10,9,113,0,0,1
2022,00-0036748,CB,32,24,265,0,1,8
2022,00-0034071,CB,22,13,94,0,1,8
2022,00-0036935,CB,10,8,97,0,0,2
2022,00-0036502,CB,11,8,168,0,0,3
2022,00-0037516,CB,24,21,183,0,0,3
2022,00-0035696,CB,31,22,258,0,1,9
2022,00-0032454,S,8,0,0,0,2,8
2022,00-0036570,CB,13,11,125,0,1,2
2022,00-0035783,CB,10,6,58,0,0,4
2022,00-0031298,S,8,0,0,0,3,8
2022,00-0034488,CB,13,12,99,0,0,1
2022,00-0033884,CB,22,14,186,0,1,8
2022,00-0037753,S,9,0,0,0,1,9
2022,00-0034278,CB,9,5,53,0,2,2
2022,00-0033430,CB,10,10,151,0,0,0
2022,00-0037747,CB,11,8,76,0,0,3
2022,00-0036986,CB,17,13,172,0,1,4
2022,00-0036344,CB,8,7,71,0,0,1
2023,00-0038984,CB,27,23,292,0,0,4
2023,00-0036884,CB,39,35,495,0,0,4
2023,00-0039151,CB,36,25,383,0,1,11
2023,00-0036625,CB,51,34,450,0,1,17
2023,00-0038100,S,8,0,0,0,0,8
2023,00-0033084,CB,47,38,341,0,2,9
2023,00-0037190,CB,40,28,232,0,0,12
2023,00-0034384,CB,48,39,429,0,1,9
2023,00-0034374,S,9,0,0,0,4,9
2023,00-0037288,CB,44,34,427,0,2,10
2023,00-0033884,CB,10,8,59,0,1,2
2023,00-0036501,CB,25,17,107,0,0,8
2023,00-0034675,S,11,0,0,0,6,11
2023,00-0037034,CB,25,19,177,0,0,6
2023,00-0034756,CB,9,7,65,0,0,2
2023,00-0031785,CB,21,15,97,0,1,6
2023,00-0036281,CB,22,20,223,0,0,2
2023,00-0036285,CB,32,21,157,0,0,11
2023,00-0036996,CB,38,23,259,0,2,14
2023,00-0037753,CB,42,31,442,0,4,11
2023,00-0033548,CB,28,22,245,0,0,6
2023,00-0034856,CB,35,24,197,0,2,11
2023,00-0037743,S,9,0,0,0,2,8
2023,00-0038549,CB,33,26,276,0,0,7
2023,00-0033878,CB,43,35,409,0,1,8
2023,00-0039000,CB,50,39,426,0,2,11
2023,00-0037275,CB,55,40,493,0,9,14
2023,00-0036388,S,10,0,0,0,3,10
2023,00-0038403,CB,17,16,185,0,0,1
2023,00-0029542,CB,57,44,489,0,2,13
2023,00-0036589,CB,17,15,155,0,1,2
2023,00-0037191,CB,51,37,362,1,0,14
2023,00-0036748,CB,39,31,364,0,3,7
2023,00-0039141,S,14,0,0,0,3,14
2023,00-0038043,CB,18,13,105,0,0,5
2023,00-0034728,CB,25,20,269,0,1,5
2023,00-0038111,CB,36,30,229,0,2,5
2023,00-0035133,CB,49,41,308,0,1,8
2023,00-0033551,CB,43,29,239,0,5,14
2023,00-0039071,CB,59,43,512,0,4,15
2023,00-0036292,CB,32,22,201,0,4,10
2023,00-0038135,S,8,0,0,0,1,8
2023,00-0038408,CB,43,34,394,0,0,9
2023,00-0037237,CB,30,16,170,0,5,13
2023,00-0032195,CB,32,23,292,0,0,9
2023,00-0034488,CB,16,15,173,0,0,1
2023,00-0032150,CB,56,41,641,0,5,15
2023,00-0033894,S,10,0,0,0,1,10
2023,00-0033926,CB,29,24,297,0,1,5
2023,00-0036974,CB,33,28,270,0,1,5
2023,00-0037395,CB,10,7,61,0,0,3
2023,00-0033393,CB,43,37,311,0,3,6
2023,00-0034516,CB,32,23,215,0,0,9
2023,00-0037549,CB,26,19,266,0,0,7
2023,00-0034203,CB,56,37,325,0,4,19
2023,00-0033783,CB,44,30,344,0,3,14
2023,00-0037842,CB,42,32,410,0,1,10
2023,00-0038136,CB,8,8,78,0,0,0
2023,00-0036885,CB,24,19,252,0,2,5
2023,00-0033103,CB,9,7,68,0,0,2
2023,00-0037079,CB,44,33,349,0,2,11
2023,00-0034974,S,10,0,0,0,4,9
2023,00-0036874,CB,55,43,452,0,1,12
2023,00-0036871,CB,46,39,338,0,1,6
2023,00-0032165,CB,25,21,289,0,1,4
2023,00-0039072,CB,17,14,174,0,0,3
2023,00-0038105,CB,19,18,179,0,0,1
2023,00-0034591,CB,31,22,234,0,1,9
2023,00-0033697,CB,49,39,401,0,1,10
2023,00-0033050,CB,40,28,307,0,1,12
2023,00-0036617,CB,60,47,587,0,2,13
2023,00-0037353,CB,54,44,437,0,0,10
2023,00-0032379,CB,42,33,373,0,1,9
2023,00-0037307,CB,26,18,197,0,1,8
2023,00-0036087,CB,53,46,493,0,1,6
2023,00-0034377,CB,11,9,65,0,0,2
2023,00-0030062,CB,54,39,438,0,2,15
2023,00-0032890,CB,46,34,328,0,1,12
2023,00-0037130,S,11,0,0,0,3,10
2023,00-0039147,CB,14,11,116,0,1,3
2023,00-0032580,CB,33,26,353,0,0,7
2023,00-0037137,CB,17,13,124,0,0,4
2023,00-0036563,CB,50,40,431,0,3,9
2023,00-0034573,CB,69,46,407,0,5,23
2023,00-0027943,CB,31,21,216,0,2,10
2023,00-0034514,CB,34,24,356,0,2,10
2023,00-0037008,CB,45,38,394,0,1,7
2023,00-0036411,S,12,0,0,0,3,12
2023,00-0038565,CB,37,29,271,0,1,8
2023,00-0035236,CB,52,39,367,0,3,13
2023,00-0038101,CB,39,32,301,0,1,7
2023,00-0035699,CB,49,42,436,0,0,7
2023,00-0034778,CB,50,39,493,0,2,11
2023,00-0036416,CB,28,23,254,0,0,5
2023,00-0035239,CB,36,28,344,0,2,8
2023,00-0033874,CB,31,23,284,0,1,8
2023,00-0038121,CB,55,41,366,0,2,14
2023,00-0036992,CB,25,21,268,0,1,4
2023,00-0036307,CB,16,14,153,0,0,2
2023,00-0036937,CB,57,40,552,0,4,17
2023,00-0032521,CB,38,30,211,0,2,8
2023,00-0035637,CB,10,8,83,0,0,2
2023,00-0036199,S,9,0,0,0,7,8
2023,00-0034337,CB,9,8,52,0,1,1
2023,00-0037268,CB,48,39,445,0,0,9
2023,00-0034468,CB,17,11,90,0,1,5
2023,00-0039167,CB,35,26,292,0,1,9
2023,00-0037250,CB,43,29,384,0,4,14
2023,00-0036374,CB,69,52,538,0,2,16
2023,00-0033941,S,9,0,0,0,2,9
2023,00-0037195,CB,30,23,278,0,0,7
2023,00-0038125,CB,41,35,315,0,1,6
2023,00-0037593,CB,22,20,166,0,0,2
2023,00-0034376,CB,45,38,318,0,0,7
2023,00-0035665,CB,11,10,77,0,0,1
2023,00-0032803,CB,17,16,194,0,0,1
2023,00-0036559,CB,19,18,173,0,0,1
2023,00-0034356,CB,39,34,377,0,0,5
2023,00-0034623,CB,13,11,159,0,0,2
2023,00-0035705,S,9,0,0,0,4,9
2023,00-0039169,CB,44,28,191,0,1,16
2023,00-0033930,CB,52,43,434,0,1,8
2023,00-0037667,S,13,0,0,0,4,13
2023,00-0037839,CB,23,17,254,0,0,6
2023,00-0034357,CB,27,25,165,0,1,2
2023,00-0035862,CB,11,8,76,0,0,3
2023,00-0036993,CB,24,17,229,0,2,7
2023,00-0036166,CB,30,22,270,0,0,8
2023,00-0035357,CB,10,8,97,0,0,2
2023,00-0035277,CB,22,17,191,0,0,5
2023,00-0038395,CB,29,23,287,0,0,6
2023,00-0033928,CB,26,21,181,0,1,5
2023,00-0039156,CB,29,23,277,0,1,6
2023,00-0036987,S,10,0,0,0,2,9
2023,00-0038038,S,11,0,0,0,4,10
2023,00-0036629,S,9,0,0,0,2,9
2023,00-0036380,S,8,0,0,0,2,8
2023,00-0030459,S,9,0,0,0,4,9
2023,00-0035633,CB,29,22,247,0,1,7
2023,00-0034780,CB,23,10,117,0,1,13
2023,00-0036394,CB,13,10,112,0,2,2
2023,00-0034515,CB,16,11,180,0,2,5
2023,00-0038585,CB,12,10,97,0,0,2
2023,00-0034843,CB,8,7,69,0,0,1
2023,00-0033503,CB,22,18,177,0,1,4
2023,00-0037384,CB,22,17,156,0,2,5
2023,00-0036329,S,8,0,0,0,3,8
2023,00-0036375,CB,35,29,224,0,2,6
2023,00-0037758,CB,27,22,199,0,1,5
2023,00-0033281,CB,19,15,141,0,1,3
2023,00-0032933,CB,27,18,161,0,1,9
2023,00-0036274,CB,23,20,278,0,0,3
2023,00-0038487,CB,12,9,98,0,0,3
2023,00-0036431,S,8,0,0,0,3,6
2023,00-0031372,CB,16,16,113,0,0,0
2023,00-0038407,CB,33,28,327,0,0,5
2023,00-0036253,S,8,0,0,0,4,8
2023,00-0032971,S,8,0,0,0,3,7
2023,00-0037313,CB,25,21,285,0,0,4
2023,00-0038130,CB,8,7,86,0,0,1
2023,00-0034071,CB,10,9,59,0,0,1
2023,00-0039149,CB,16,12,123,0,2,3
2023,00-0038663,CB,31,26,228,0,0,5
2023,00-0039007,CB,12,10,102,0,1,2
2023,00-0038039,CB,24,19,230,0,2,5
2023,00-0033918,CB,34,27,457,0,1,7
2023,00-0038961,CB,14,12,125,0,0,2
2023,00-0033055,CB,19,13,103,0,3,6
2023,00-0034639,CB,15,13,111,0,1,2
2023,00-0036678,CB,11,9,87,0,0,2
2023,00-0037320,CB,13,10,109,0,0,3
2023,00-0038411,CB,15,12,224,0,1,2
2023,00-0038568,CB,17,13,178,0,0,4
2023,00-0036944,CB,19,14,111,0,0,5
2023,00-0033566,CB,21,19,140,0,0,2
2024,00-0037288,CB,47,37,406,0,2,10
2024,00-0033551,CB,38,33,431,0,0,5
2024,00-0035239,CB,26,21,251,0,3,5
2024,00-0039007,CB,34,25,288,0,2,9
2024,00-0038663,CB,26,20,260,0,0,6
2024,00-0037661,CB,11,7,82,0,2,4
2024,00-0037195,CB,26,19,241,0,0,7
2024,00-0037191,CB,62,46,445,0,2,16
2024,00-0033281,CB,59,44,417,0,6,15
2024,00-0036587,S,8,0,0,0,2,8
2024,00-0038043,CB,18,12,135,0,0,6
2024,00-0039232,CB,36,23,284,0,1,13
2024,00-0035277,CB,57,40,464,0,2,17
2024,00-0033874,CB,30,23,294,0,0,7
2024,00-0036944,CB,36,23,214,0,1,13
2024,00-0036937,CB,42,32,392,0,3,10
2024,00-0039860,CB,29,23,321,0,0,6
2024,00-0038121,CB,58,42,516,0,0,16
2024,00-0039387,CB,18,14,219,0,0,4
2024,00-0036361,CB,33,22,235,0,2,11
2024,00-0034856,CB,41,25,352,0,2,16
2024,00-0033928,CB,37,29,248,0,1,8
2024,00-0037250,CB,49,45,522,0,0,4
2024,00-0036996,CB,18,13,238,0,1,4
2024,00-0036874,CB,45,34,293,0,4,11
2024,00-0039169,CB,47,38,298,0,0,9
2024,00-0034974,S,12,0,0,0,3,12
2024,00-0037079,CB,33,20,219,0,3,12
2024,00-0036885,CB,12,11,149,0,0,1
2024,00-0038552,CB,57,48,531,0,1,9
2024,00-0036388,S,11,0,0,0,8,11
2024,00-0030062,CB,57,40,456,0,1,17
2024,00-0034728,CB,18,11,124,0,2,7
2024,00-0035133,CB,46,39,310,0,1,7
2024,00-0039888,CB,54,38,370,0,2,16
2024,00-0033393,CB,32,25,185,0,3,7
2024,00-0037237,CB,53,30,283,0,7,23
2024,00-0039343,CB,36,24,262,0,4,12
2024,00-0039838,S,11,0,0,0,5,11
2024,00-0038407,CB,52,40,425,0,2,11
2024,00-0032195,CB,38,29,394,0,0,9
2024,00-0036974,CB,38,32,393,0,0,6
2024,00-0033084,CB,36,29,344,0,0,7
2024,00-0037353,CB,32,24,193,0,2,8
2024,00-0037313,CB,47,39,432,0,1,8
2024,00-0034778,CB,39,28,342,0,2,11
2024,00-0039903,CB,47,38,448,0,0,9
2024,00-0039141,S,16,0,0,0,4,16
2024,00-0036375,CB,42,34,302,0,0,8
2024,00-0037667,S,12,0,0,0,9,12
2024,00-0033884,CB,17,12,123,0,0,5
2024,00-0037839,CB,27,17,186,0,2,10
2024,00-0036617,CB,11,9,74,0,0,2
2024,00-0039072,CB,20,12,139,0,0,8
2024,00-0036871,CB,21,16,122,0,1,4
2024,00-0036416,CB,37,30,257,0,1,7
2024,00-0038039,CB,52,36,323,0,3,16
2024,00-0037307,CB,13,9,109,0,0,4
2024,00-0035236,CB,61,47,489,0,6,14
2024,00-0039821,CB,27,26,192,0,1,1
2024,00-0039000,CB,37,26,312,0,0,11
2024,00-0036589,CB,11,10,123,0,0,1
2024,00-0033878,CB,18,13,133,0,0,5
2024,00-0037758,CB,34,27,323,0,1,6
2024,00-0033926,CB,33,27,359,0,2,6
2024,00-0029606,S,10,0,0,0,3,10
2024,00-0029542,CB,43,33,268,0,1,10
2024,00-0037753,CB,56,41,456,0,3,15
2024,00-0037743,CB,11,9,69,0,0,2
2024,00-0037253,CB,44,34,468,0,1,9
2024,00-0038549,CB,27,19,223,0,0,8
2024,00-0036884,CB,11,9,101,0,0,2
2024,00-0039147,CB,43,32,406,0,2,11
2024,00-0032580,CB,38,32,373,0,0,6
2024,00-0036563,CB,42,33,281,0,2,9
2024,00-0034780,CB,28,22,297,0,1,6
2024,00-0037190,CB,28,19,229,0,1,9
2024,00-0034384,CB,40,29,355,0,0,11
2024,00-0036501,CB,13,12,110,0,0,1
2024,00-0034573,CB,29,22,283,0,0,7
2024,00-0036285,CB,35,29,334,0,2,6
2024,00-0034843,CB,42,36,324,0,0,6
2024,00-0039167,CB,53,45,500,0,1,8
2024,00-0034356,CB,32,24,350,0,5,7
2024,00-0039454,CB,26,19,124,0,4,6
2024,00-0038568,CB,29,24,266,0,1,5
2024,00-0036374,CB,8,8,98,0,0,0
2024,00-0035632,S,9,0,0,0,5,9
2024,00-0039372,CB,33,25,281,0,1,8
2024,00-0038125,CB,26,25,209,0,0,1
2024,00-0039071,CB,41,29,343,0,2,12
2024,00-0036292,CB,32,24,332,0,2,8
2024,00-0038111,CB,33,28,324,0,0,5
2024,00-0039898,CB,62,44,452,0,4,18
2024,00-0036625,CB,45,38,475,0,0,7
2024,00-0039149,CB,28,24,448,0,2,4
2024,00-0037268,CB,60,42,469,0,2,18
2024,00-0036287,CB,32,25,248,0,0,7
2024,00-0035699,CB,49,41,431,0,1,8
2024,00-0037034,CB,51,40,310,0,0,11
2024,00-0034377,CB,12,6,38,0,0,6
2024,00-0034675,S,10,0,0,0,4,10
2024,00-0033055,CB,38,27,240,0,2,11
2024,00-0039872,CB,22,20,313,0,0,2
2024,00-0033038,S,12,0,0,0,2,11
2024,00-0032521,CB,27,22,133,0,1,4
2024,00-0039353,CB,25,17,163,0,1,8
2024,00-0038408,CB,21,16,179,0,2,5
2024,00-0031785,CB,10,9,74,0,0,1
2024,00-0036992,CB,29,23,275,0,3,5
2024,00-0039369,CB,32,24,220,0,0,8
2024,00-0037320,CB,8,4,23,0,1,4
2024,00-0039807,CB,33,28,319,0,0,5
2024,00-0036987,S,10,0,0,0,0,10
2024,00-0036504,CB,22,19,277,0,2,3
2024,00-0034357,CB,31,28,300,0,0,3
2024,00-0033548,CB,12,8,70,0,1,4
2024,00-0038639,CB,13,11,98,0,1,2
2024,00-0036221,S,10,0,0,0,3,10
2024,00-0037384,CB,52,42,462,0,2,10
2024,00-0036901,CB,22,22,191,0,0,0
2024,00-0036629,S,10,0,0,0,3,10
2024,00-0037242,CB,16,14,143,0,0,2
2024,00-0037198,CB,28,24,372,0,0,4
2024,00-0035253,S,12,0,0,0,6,11
2024,00-0038585,CB,13,11,124,0,0,2
2024,00-0036962,S,10,0,0,0,2,9
2024,00-0038130,CB,8,7,103,0,0,1
2024,00-0035270,CB,21,18,204,0,1,3
2024,00-0034514,CB,17,15,174,0,0,2
2024,00-0039366,CB,43,35,330,0,4,8
2024,00-0033783,CB,32,23,241,0,1,9
2024,00-0037830,CB,29,20,236,0,2,9
2024,00-0039481,CB,18,14,155,0,0,4
2024,00-0037549,CB,25,20,186,0,0,5
2024,00-0038038,S,9,0,0,0,1,9
2024,00-0036349,S,8,0,0,0,0,8
2024,00-0034203,CB,32,23,284,0,1,9
2024,00-0039795,CB,8,7,85,0,0,1
2024,00-0034376,CB,30,24,186,0,2,6
2024,00-0032803,CB,14,8,132,0,1,6
2024,00-0039841,CB,48,38,319,0,1,10
2024,00-0036307,CB,14,10,93,0,0,4
2024,00-0034966,CB,10,8,81,0,0,2
2024,00-0036087,CB,10,8,59,0,0,2
2024,00-0034790,S,8,0,0,0,1,8
2024,00-0039345,CB,42,29,325,0,1,13
2024,00-0039586,CB,8,7,53,0,0,1
2024,00-0039380,CB,14,13,105,0,1,1
2024,00-0039375,CB,26,20,177,0,1,6
2024,00-0034361,S,8,0,0,0,2,8
2024,00-0039324,CB,13,12,129,0,1,1
2024,00-0039357,CB,26,23,359,0,0,3
2024,00-0035795,CB,9,6,80,0,1,3
2024,00-0036222,CB,23,17,231,0,0,6
2024,00-0038136,CB,36,31,420,0,3,5
2024,00-0037137,CB,31,24,289,0,1,7
2024,00-0039133,CB,12,12,152,0,0,0
2024,00-0038395,CB,14,10,139,0,1,4
2024,00-0036394,CB,13,10,90,0,0,3
2024,00-0036166,CB,13,11,108,0,0,2
2024,00-0039051,CB,17,14,150,0,0,3
2024,00-0034990,CB,9,7,101,0,0,2
2024,00-0038348,CB,18,13,150,0,0,5
2024,00-0037275,CB,28,23,212,0,0,5
2024,00-0038646,CB,13,8,76,0,0,5
2024,00-0033930,CB,10,7,77,0,0,3
2025,00-0034780,CB,10,10,91,0,0,0
2025,00-0040751,CB,32,22,239,0,0,10
2025,00-0039807,CB,24,19,224,0,0,5
2025,00-0039860,CB,54,38,447,0,3,16
2025,00-0039007,CB,24,19,225,0,1,4
2025,00-0037288,CB,33,27,296,0,2,6
2025,00-0039232,CB,63,49,618,0,3,14
2025,00-0033281,CB,54,41,482,0,4,13
2025,00-0038038,S,9,0,0,0,0,9
2025,00-0033548,CB,30,23,249,0,0,7
2025,00-0034376,CB,31,28,281,0,0,3
2025,00-0035277,CB,63,40,445,0,5,23
2025,00-0039380,CB,35,33,336,0,1,2
2025,00-0036974,CB,52,34,378,0,1,18
2025,00-0033928,CB,24,14,77,0,2,10
2025,00-0039353,CB,35,27,247,0,3,8
2025,00-0036944,CB,26,17,192,0,5,9
2025,00-0039417,CB,22,18,116,0,0,4
2025,00-0039375,CB,10,7,65,0,0,3
2025,00-0037743,CB,51,40,354,0,1,11
2025,00-0034856,CB,30,21,256,0,1,9
2025,00-0036996,CB,43,34,331,0,1,9
2025,00-0038549,CB,37,20,311,0,2,16
2025,00-0039888,CB,48,28,303,0,2,20
2025,00-0033878,CB,50,39,507,0,1,10
2025,00-0037242,CB,17,15,185,0,0,2
2025,00-0039841,CB,60,42,502,0,2,17
2025,00-0037275,CB,42,36,432,0,1,6
2025,00-0036361,CB,14,14,143,0,0,0
2025,00-0034384,CB,34,27,349,0,2,6
2025,00-0039903,CB,25,18,244,0,1,7
2025,00-0035133,CB,62,45,383,0,1,17
2025,00-0036375,CB,46,34,363,0,1,12
2025,00-0038408,CB,23,18,181,0,1,5
2025,00-0039151,CB,43,26,286,0,3,17
2025,00-0037839,CB,45,31,296,0,6,13
2025,00-0037237,CB,35,20,227,0,4,15
2025,00-0039343,CB,62,41,520,0,4,21
2025,00-0037191,CB,41,34,397,0,1,7
2025,00-0034356,CB,25,14,121,0,4,10
2025,00-0039369,CB,41,31,431,0,1,10
2025,00-0039366,CB,30,24,171,0,0,6
2025,00-0036416,CB,14,9,135,0,0,5
2025,00-0037195,CB,39,33,504,0,2,6
2025,00-0037253,CB,56,42,418,0,4,14
2025,00-0036901,CB,28,23,179,0,0,5
2025,00-0034778,CB,52,39,364,0,2,13
2025,00-0038381,CB,31,25,318,0,3,6
2025,00-0036394,CB,12,12,150,0,0,0
2025,00-0038039,CB,40,34,417,0,1,6
2025,00-0034573,CB,19,12,179,0,0,7
2025,00-0036629,S,8,0,0,0,4,8
2025,00-0033551,CB,40,27,236,0,2,13
2025,00-0033393,CB,31,25,249,0,1,6
2025,00-0038565,CB,45,38,371,0,2,7
2025,00-0035236,CB,37,31,271,0,2,6
2025,00-0036274,CB,11,11,163,0,0,0
2025,00-0036222,CB,37,33,301,1,1,3
2025,00-0036986,CB,51,39,505,0,5,12
2025,00-0039071,CB,37,25,372,0,1,12
2025,00-0036937,CB,50,42,458,0,1,8
2025,00-0037758,CB,34,24,277,0,1,10
2025,00-0040731,CB,22,16,189,0,0,6
2025,00-0039821,CB,48,36,362,0,2,12
2025,00-0033874,CB,18,11,186,0,1,7
2025,00-0036287,CB,19,14,177,0,0,5
2025,00-0030062,CB,23,20,209,0,0,3
2025,00-0039167,CB,44,28,310,0,1,16
2025,00-0037190,CB,26,17,187,0,0,9
2025,00-0036987,CB,39,30,346,0,0,9
2025,00-0036504,CB,37,30,225,1,3,6
2025,00-0033055,CB,38,30,347,0,1,8
2025,00-0039169,CB,50,41,382,0,1,8
2025,00-0040152,CB,37,31,333,0,0,6
2025,00-0037079,CB,46,30,326,0,1,16
2025,00-0039345,CB,38,29,322,0,0,9
2025,00-0037137,CB,51,38,379,0,1,13
2025,00-0037268,CB,37,31,341,0,1,6
2025,00-0040143,CB,40,33,313,0,2,7
2025,00-0040148,S,10,0,0,0,5,10
2025,00-0040156,CB,12,10,111,0,1,2
2025,00-0036285,CB,39,28,323,0,0,11
2025,00-0039846,S,13,0,0,0,1,13
2025,00-0035699,CB,36,28,304,0,3,8
2025,00-0034843,CB,39,32,344,0,1,6
2025,00-0036374,CB,14,11,136,0,0,3
2025,00-0038125,CB,26,23,272,0,1,3
2025,00-0039372,CB,27,24,172,0,0,3
2025,00-0037549,CB,34,27,365,0,0,7
2025,00-0038552,CB,69,51,621,0,1,18
2025,00-0035632,S,8,0,0,0,0,8
2025,00-0036874,CB,42,32,324,0,1,10
2025,00-0037034,CB,53,40,357,0,3,13
2025,00-0033884,CB,30,18,161,0,1,12
2025,00-0040195,CB,34,23,241,0,3,11
2025,00-0038984,CB,8,6,82,0,0,2
2025,00-0036292,CB,18,14,254,0,1,4
2025,00-0036589,CB,16,14,110,0,0,2
2025,00-0039141,S,8,0,0,0,0,8
2025,00-0039234,CB,8,6,31,0,1,2
2025,00-0040636,CB,8,7,35,0,0,1
2025,00-0040720,CB,22,17,156,0,1,5
2025,00-0037384,CB,39,31,292,0,3,8
2025,00-0037753,CB,11,6,60,0,0,5
2025,00-0035378,S,8,0,0,0,1,8
2025,00-0036380,S,9,0,0,0,0,9
2025,00-0036625,CB,25,18,188,0,1,7
2025,00-0034203,CB,29,21,302,0,1,8
2025,00-0037841,S,12,0,0,0,1,12
2025,00-0039465,CB,31,28,279,0,0,3
2025,00-0039000,CB,21,16,169,0,0,5
2025,00-0040670,CB,19,12,128,0,0,7
2025,00-0038136,S,9,0,0,0,4,8
2025,00-0038121,CB,51,40,343,0,2,11
2025,00-0036563,CB,37,32,305,0,2,5
2025,00-0039898,CB,50,38,427,0,4,11
2025,00-0036388,S,12,0,0,0,2,12
2025,00-0036871,CB,13,11,127,0,0,2
2025,00-0040251,CB,14,11,118,0,1,3
2025,00-0038135,S,9,0,0,0,1,9
2025,00-0033132,S,8,0,0,0,7,7
2025,00-0036564,S,12,0,0,0,0,12
2025,00-0039838,S,11,0,0,0,5,10
2025,00-0037246,S,12,0,0,0,4,12
2025,00-0034278,CB,10,8,108,0,0,2
2025,00-0038596,S,9,0,0,0,5,8
2025,00-0038119,CB,13,11,107,0,0,2
2025,00-0039324,CB,14,11,117,0,1,3
2025,00-0040178,CB,12,8,112,0,1,4
2025,00-0040747,CB,17,13,177,0,0,4
2025,00-0040133,CB,17,10,129,0,0,7
2025,00-0035795,CB,23,12,89,0,1,11
2025,00-0039770,CB,8,7,69,0,0,1
2025,00-0039147,CB,66,50,515,0,1,16
2025,00-0040716,S,9,0,0,0,1,9
2025,00-0040347,CB,19,16,303,0,0,3
2025,00-0038594,CB,12,12,163,0,0,0
2025,00-0037313,CB,45,33,338,0,2,12
2025,00-0039872,S,8,0,0,0,4,7
2025,00-0040166,CB,31,21,236,0,1,10
2025,00-0039140,CB,14,13,186,0,0,1
2025,00-0035637,CB,28,19,208,0,0,9
2025,00-0034377,CB,17,13,210,0,1,4
2025,00-0040641,CB,22,19,295,0,0,3
2025,00-0034145,CB,10,7,48,0,1,3
2025,00-0040296,CB,10,7,52,0,0,3
2025,00-0036307,CB,12,9,102,0,1,3
2025,00-0033503,CB,12,10,116,0,1,2
2025,00-0040733,S,15,0,0,0,1,14
2025,00-0038585,CB,12,8,85,0,0,4
2025,00-0039772,CB,14,11,103,0,1,3
2025,00-0038111,CB,11,9,65,0,0,2
2025,00-0029606,S,8,0,0,0,2,8
2025,00-0038642,CB,10,7,92,0,0,3
2025,00-0038620,CB,10,9,87,0,0,1
2025,00-0039371,CB,15,14,124,0,0,1
2025,00-0038407,CB,11,7,94,0,0,4
2025,00-0040709,CB,13,8,84,0,2,5
2025,00-0040201,CB,18,13,183,0,0,5
2025,00-0033918,CB,13,11,105,0,0,2
2025,00-0032580,CB,24,19,241,0,0,5
2025,00-0039387,CB,12,10,153,0,0,2
2025,00-0040008,CB,20,17,229,0,0,3
2025,00-0038616,CB,14,11,93,0,0,3
2025,00-0032933,CB,9,7,67,0,0,2
2025,00-0039789,CB,10,7,133,0,0,3
2025,00-0036281,CB,9,6,75,0,1,3
