season,week,offense,defense,dropbacks,pressures,rushers,box
2022,1,LA,BUF,41,11,4.00,5.63
2022,1,BUF,LA,31,3,4.19,6.07
2022,1,NO,ATL,32,9,4.50,6.31
2022,1,ATL,NO,32,3,3.47,6.45
2022,1,CLE,CAR,32,9,4.28,6.79
2022,1,CAR,CLE,27,7,4.19,6.53
2022,1,SF,CHI,28,10,3.82,6.09
2022,1,CHI,SF,17,9,4.12,6.88
2022,1,CIN,PIT,53,12,4.09,5.83
2022,1,PIT,CIN,37,12,4.49,6.49
2022,1,PHI,DET,32,10,4.31,6.77
2022,1,DET,PHI,37,11,4.30,6.60
2022,1,HOU,IND,37,10,4.27,6.04
2022,1,IND,HOU,50,6,4.24,6.04
2022,1,MIA,NE,33,9,4.36,6.58
2022,1,NE,MIA,30,4,3.97,6.71
2022,1,BAL,NYJ,30,7,4.00,6.52
2022,1,NYJ,BAL,59,18,4.24,5.82
2022,1,TEN,NYG,32,11,4.34,6.72
2022,1,NYG,TEN,21,12,4.24,6.21
2022,1,WAS,JAX,41,9,4.37,6.45
2022,1,JAX,WAS,42,23,4.40,6.01
2022,1,ARI,KC,38,11,4.26,5.77
2022,1,KC,ARI,39,13,4.54,6.66
2022,1,LV,LAC,37,15,4.14,5.97
2022,1,LAC,LV,34,15,4.24,6.49
2022,1,GB,MIN,38,9,3.87,5.92
2022,1,MIN,GB,32,14,4.13,6.13
2022,1,TB,DAL,27,5,4.07,6.53
2022,1,DAL,TB,42,11,4.24,6.19
2022,1,DEN,SEA,42,14,4.12,5.95
2022,1,SEA,DEN,28,9,4.11,6.13
2022,2,LAC,KC,48,14,4.23,6.32
2022,2,KC,LAC,35,9,4.49,6.11
2022,2,MIA,BAL,50,13,3.84,5.99
2022,2,BAL,MIA,29,6,5.00,7.28
2022,2,CLE,NYJ,27,8,4.26,6.60
2022,2,NYJ,CLE,45,18,4.07,6.10
2022,2,WAS,DET,46,14,4.43,6.16
2022,2,DET,WAS,34,13,4.71,6.49
2022,2,JAX,IND,30,10,4.23,6.08
2022,2,IND,JAX,30,12,4.27,6.20
2022,2,TB,NO,34,2,4.09,6.51
2022,2,NO,TB,40,10,4.08,6.49
2022,2,NYG,CAR,34,12,3.82,6.42
2022,2,CAR,NYG,29,10,4.28,6.45
2022,2,NE,PIT,35,8,4.51,6.24
2022,2,PIT,NE,33,3,3.94,6.31
2022,2,LA,ATL,36,9,4.06,6.50
2022,2,ATL,LA,26,11,4.35,6.16
2022,2,SEA,SF,31,11,4.06,5.90
2022,2,SF,SEA,24,7,4.25,6.75
2022,2,CIN,DAL,36,5,4.06,6.20
2022,2,DAL,CIN,30,11,4.33,6.44
2022,2,DEN,HOU,31,5,4.10,6.42
2022,2,HOU,DEN,38,13,4.53,5.90
2022,2,ARI,LV,49,12,3.94,5.85
2022,2,LV,ARI,39,12,4.49,6.33
2022,2,CHI,GB,11,5,4.18,6.32
2022,2,GB,CHI,25,2,3.88,6.19
2022,2,TEN,BUF,24,12,4.08,6.09
2022,2,BUF,TEN,40,10,4.10,6.19
2022,2,MIN,PHI,46,13,4.39,5.95
2022,2,PHI,MIN,31,11,4.03,5.95
2022,3,PIT,CLE,32,8,4.06,6.12
2022,3,CLE,PIT,31,3,4.29,6.90
2022,3,NO,CAR,41,15,4.66,6.71
2022,3,CAR,NO,25,6,4.40,6.72
2022,3,HOU,CHI,32,6,4.19,6.41
2022,3,CHI,HOU,17,3,4.24,6.27
2022,3,KC,IND,36,12,3.86,6.02
2022,3,IND,KC,37,12,4.32,6.37
2022,3,MIA,BUF,20,5,4.00,6.05
2022,3,BUF,MIA,62,24,4.29,6.42
2022,3,MIN,DET,40,13,4.78,6.59
2022,3,DET,MIN,40,11,4.15,6.17
2022,3,NE,BAL,32,9,3.91,6.33
2022,3,BAL,NE,29,9,4.48,6.71
2022,3,NYJ,CIN,52,17,4.02,5.82
2022,3,CIN,NYJ,36,13,4.31,6.53
2022,3,LV,TEN,45,12,4.02,5.96
2022,3,TEN,LV,27,10,4.59,6.63
2022,3,PHI,WAS,35,9,4.17,6.36
2022,3,WAS,PHI,43,14,4.30,6.13
2022,3,LAC,JAX,45,18,4.33,6.25
2022,3,JAX,LAC,39,8,4.26,6.39
2022,3,LA,ARI,25,10,4.56,6.10
2022,3,ARI,LA,58,12,4.24,5.46
2022,3,ATL,SEA,20,9,4.00,6.47
2022,3,SEA,ATL,44,13,4.18,6.15
2022,3,GB,TB,35,9,4.26,6.71
2022,3,TB,GB,42,13,4.50,5.89
2022,3,DEN,SF,33,8,4.27,6.50
2022,3,SF,DEN,29,6,4.17,6.02
2022,3,NYG,DAL,37,15,4.16,6.38
2022,3,DAL,NYG,31,10,4.26,6.98
2022,4,MIA,CIN,37,14,3.97,6.00
2022,4,CIN,MIA,32,6,4.34,6.95
2022,4,NO,MIN,28,5,4.14,6.12
2022,4,MIN,NO,39,12,4.10,6.01
2022,4,ATL,CLE,19,9,4.84,7.05
2022,4,CLE,ATL,35,10,4.23,6.64
2022,4,BAL,BUF,29,8,4.24,6.26
2022,4,BUF,BAL,36,8,4.36,6.21
2022,4,CAR,ARI,36,9,4.19,6.40
2022,4,ARI,CAR,32,9,4.50,6.58
2022,4,WAS,DAL,42,16,4.31,6.27
2022,4,DAL,WAS,27,10,4.33,6.41
2022,4,DET,SEA,40,15,4.08,6.38
2022,4,SEA,DET,30,7,4.27,6.70
2022,4,LAC,HOU,39,10,4.26,6.25
2022,4,HOU,LAC,35,13,4.29,6.32
2022,4,TEN,IND,21,6,4.24,6.74
2022,4,IND,TEN,37,10,4.19,6.26
2022,4,CHI,NYG,22,11,4.18,6.50
2022,4,NYG,CHI,16,5,4.19,6.53
2022,4,PHI,JAX,25,7,3.96,6.62
2022,4,JAX,PHI,23,6,4.48,6.32
2022,4,NYJ,PIT,37,15,4.32,6.19
2022,4,PIT,NYJ,26,5,3.65,6.16
2022,4,GB,NE,35,10,4.17,6.52
2022,4,NE,GB,21,6,4.62,6.60
2022,4,DEN,LV,25,4,4.00,6.23
2022,4,LV,DEN,34,8,4.06,6.24
2022,4,KC,TB,37,7,3.97,6.72
2022,4,TB,KC,52,10,4.19,5.91
2022,4,SF,LA,27,3,4.33,6.30
2022,4,LA,SF,48,17,4.35,6.20
2022,5,DEN,IND,39,6,4.08,6.27
2022,5,IND,DEN,40,15,4.25,5.68
2022,5,NYG,GB,27,10,4.37,6.77
2022,5,GB,NYG,39,9,4.28,6.44
2022,5,PIT,BUF,52,14,4.08,5.87
2022,5,BUF,PIT,36,6,4.00,6.21
2022,5,LAC,CLE,34,10,4.29,6.79
2022,5,CLE,LAC,34,6,4.38,6.52
2022,5,JAX,HOU,46,18,4.00,5.82
2022,5,HOU,JAX,24,9,4.46,7.16
2022,5,CHI,MIN,21,6,4.24,6.12
2022,5,MIN,CHI,41,11,4.12,6.04
2022,5,NE,DET,21,0,4.52,6.77
2022,5,DET,NE,35,8,4.34,6.39
2022,5,SEA,NO,25,9,4.20,6.44
2022,5,NO,SEA,25,10,4.72,7.01
2022,5,MIA,NYJ,34,21,4.03,6.22
2022,5,NYJ,MIA,21,6,4.24,7.00
2022,5,ATL,TB,25,8,3.88,6.91
2022,5,TB,ATL,52,11,3.98,6.38
2022,5,WAS,TEN,38,11,3.92,5.71
2022,5,TEN,WAS,25,13,4.36,6.52
2022,5,CAR,SF,42,10,4.38,6.41
2022,5,SF,CAR,30,11,4.37,7.06
2022,5,PHI,ARI,36,12,4.11,6.63
2022,5,ARI,PHI,40,11,4.30,5.91
2022,5,DAL,LA,16,5,4.31,6.25
2022,5,LA,DAL,44,22,4.14,6.06
2022,5,BAL,CIN,32,13,4.59,6.38
2022,5,CIN,BAL,35,2,3.86,5.84
2022,5,KC,LV,43,10,3.98,5.93
2022,5,LV,KC,30,9,4.47,6.28
2022,6,WAS,CHI,22,1,4.05,6.45
2022,6,CHI,WAS,27,7,4.44,6.54
2022,6,SF,ATL,41,15,3.88,6.03
2022,6,ATL,SF,14,1,4.07,7.14
2022,6,NE,CLE,34,7,4.59,6.91
2022,6,CLE,NE,45,15,4.33,6.33
2022,6,NYJ,GB,18,5,4.50,6.57
2022,6,GB,NYJ,45,11,4.11,5.92
2022,6,JAX,IND,22,6,3.95,6.24
2022,6,IND,JAX,58,18,4.22,6.53
2022,6,MIA,MIN,47,22,3.96,6.00
2022,6,MIN,MIA,30,15,4.77,7.06
2022,6,NO,CIN,36,14,4.11,6.19
2022,6,CIN,NO,37,9,3.86,5.81
2022,6,NYG,BAL,27,12,4.59,6.73
2022,6,BAL,NYG,32,7,4.88,6.81
2022,6,PIT,TB,30,10,4.27,6.50
2022,6,TB,PIT,39,6,4.03,6.22
2022,6,LA,CAR,33,10,4.36,6.91
2022,6,CAR,LA,21,1,3.90,6.34
2022,6,SEA,ARI,31,5,4.35,6.29
2022,6,ARI,SEA,37,9,3.95,5.61
2022,6,KC,BUF,40,12,4.08,5.70
2022,6,BUF,KC,40,11,4.25,6.19
2022,6,PHI,DAL,25,7,4.20,6.87
2022,6,DAL,PHI,38,13,4.29,6.25
2022,6,DEN,LAC,28,7,4.18,6.07
2022,6,LAC,DEN,57,24,4.39,6.00
2022,7,ARI,NO,29,0,4.03,6.35
2022,7,NO,ARI,49,10,4.31,6.43
2022,7,BAL,CLE,16,6,4.69,6.80
2022,7,CLE,BAL,27,6,4.19,6.33
2022,7,CAR,TB,22,6,4.32,6.86
2022,7,TB,CAR,49,9,4.27,6.51
2022,7,ATL,CIN,13,3,4.00,6.83
2022,7,CIN,ATL,42,10,3.98,6.18
2022,7,DET,DAL,26,7,4.31,6.69
2022,7,DAL,DET,25,8,4.36,6.94
2022,7,JAX,NYG,44,16,4.05,6.34
2022,7,NYG,JAX,30,13,4.33,6.92
2022,7,IND,TEN,44,22,4.07,6.00
2022,7,TEN,IND,20,14,4.15,6.90
2022,7,WAS,GB,33,14,4.64,6.49
2022,7,GB,WAS,34,1,3.91,6.06
2022,7,DEN,NYJ,46,18,4.20,6.27
2022,7,NYJ,DEN,26,7,4.08,6.15
2022,7,HOU,LV,41,18,4.32,6.18
2022,7,LV,HOU,27,11,4.15,6.57
2022,7,LAC,SEA,51,16,4.06,5.82
2022,7,SEA,LAC,27,6,4.33,6.55
2022,7,KC,SF,36,8,4.17,6.46
2022,7,SF,KC,46,8,4.13,6.18
2022,7,PIT,MIA,43,9,4.14,6.59
2022,7,MIA,PIT,35,4,4.09,6.35
2022,7,CHI,NE,21,6,3.76,6.68
2022,7,NE,CHI,28,5,4.14,6.02
2022,8,TB,BAL,43,7,4.12,6.16
2022,8,BAL,TB,37,4,4.57,6.75
2022,8,JAX,DEN,31,8,3.94,6.08
2022,8,DEN,JAX,29,3,4.03,6.67
2022,8,CAR,ATL,36,4,3.61,6.45
2022,8,ATL,CAR,28,15,4.64,6.75
2022,8,CHI,DAL,24,11,4.08,6.78
2022,8,DAL,CHI,27,7,4.07,6.63
2022,8,MIA,DET,36,4,3.92,6.75
2022,8,DET,MIA,37,9,4.46,6.73
2022,8,HOU,TEN,30,14,4.10,6.15
2022,8,TEN,HOU,10,5,4.20,7.05
2022,8,ARI,MIN,43,9,3.88,5.68
2022,8,MIN,ARI,36,14,4.67,6.54
2022,8,NO,LV,31,3,4.19,6.39
2022,8,LV,NO,39,12,4.15,6.00
2022,8,NE,NYJ,35,7,4.20,6.12
2022,8,NYJ,NE,41,16,4.20,6.07
2022,8,PHI,PIT,30,10,5.13,6.51
2022,8,PIT,PHI,40,8,4.30,6.05
2022,8,WAS,IND,31,8,4.26,6.21
2022,8,IND,WAS,23,6,4.13,6.33
2022,8,SF,LA,26,6,4.15,6.51
2022,8,LA,SF,33,10,4.33,6.53
2022,8,NYG,SEA,31,6,3.87,6.08
2022,8,SEA,NYG,34,11,4.62,6.67
2022,8,GB,BUF,30,4,3.97,6.06
2022,8,BUF,GB,25,12,4.28,6.14
2022,8,CLE,CIN,22,7,4.73,7.01
2022,8,CIN,CLE,35,8,3.97,5.57
2022,9,PHI,HOU,27,11,4.44,6.71
2022,9,HOU,PHI,22,5,4.32,6.68
2022,9,LAC,ATL,43,10,4.02,6.46
2022,9,ATL,LAC,23,4,4.13,6.74
2022,9,MIA,CHI,30,7,4.03,6.43
2022,9,CHI,MIA,28,6,4.39,6.85
2022,9,CAR,CIN,30,8,3.97,6.24
2022,9,CIN,CAR,31,7,4.32,6.82
2022,9,GB,DET,43,14,4.07,6.59
2022,9,DET,GB,26,8,4.73,6.45
2022,9,JAX,LV,30,4,4.30,6.77
2022,9,LV,JAX,36,18,4.25,6.31
2022,9,IND,NE,29,8,4.17,6.03
2022,9,NE,IND,30,8,4.00,6.38
2022,9,NYJ,BUF,25,6,4.40,6.10
2022,9,BUF,NYJ,34,9,3.91,6.11
2022,9,WAS,MIN,28,11,4.25,6.08
2022,9,MIN,WAS,41,18,4.41,6.20
2022,9,ARI,SEA,35,6,3.94,5.46
2022,9,SEA,ARI,34,11,4.44,6.45
2022,9,TB,LA,57,8,4.18,5.61
2022,9,LA,TB,27,6,3.89,6.21
2022,9,TEN,KC,16,6,4.50,6.73
2022,9,KC,TEN,68,20,4.01,5.91
2022,9,BAL,NO,22,8,4.55,6.50
2022,9,NO,BAL,30,10,4.17,6.12
2022,10,CAR,ATL,16,5,3.75,6.85
2022,10,ATL,CAR,29,11,4.52,6.41
2022,10,SEA,TB,33,10,4.15,6.19
2022,10,TB,SEA,30,7,4.00,6.52
2022,10,MIN,BUF,50,19,4.04,6.06
2022,10,BUF,MIN,43,13,4.07,5.91
2022,10,DET,CHI,26,9,4.73,6.76
2022,10,CHI,DET,20,7,3.95,7.02
2022,10,JAX,KC,40,7,4.35,5.92
2022,10,KC,JAX,35,10,3.69,6.40
2022,10,MIA,CLE,33,7,4.21,6.62
2022,10,CLE,MIA,35,17,4.46,6.55
2022,10,NYG,HOU,17,7,4.24,6.83
2022,10,HOU,NYG,37,18,4.81,6.75
2022,10,NO,PIT,28,7,4.36,6.00
2022,10,PIT,NO,30,4,4.37,6.51
2022,10,DEN,TEN,42,17,4.14,6.01
2022,10,TEN,DEN,36,10,4.61,6.18
2022,10,IND,LV,28,3,4.18,6.48
2022,10,LV,IND,38,8,4.08,6.16
2022,10,GB,DAL,20,4,4.60,7.00
2022,10,DAL,GB,46,11,4.37,6.36
2022,10,ARI,LA,37,9,4.46,5.87
2022,10,LA,ARI,37,20,4.35,6.25
2022,10,SF,LAC,28,5,4.04,6.61
2022,10,LAC,SF,37,11,4.24,6.48
2022,10,PHI,WAS,26,5,4.04,6.36
2022,10,WAS,PHI,27,6,4.30,6.56
2022,11,GB,TEN,39,10,4.08,5.97
2022,11,TEN,GB,29,7,4.76,7.02
2022,11,CHI,ATL,21,8,3.62,6.43
2022,11,ATL,CHI,18,3,4.61,6.89
2022,11,CAR,BAL,33,10,4.27,6.32
2022,11,BAL,CAR,33,4,4.36,6.54
2022,11,BUF,CLE,27,7,3.89,6.57
2022,11,CLE,BUF,41,17,4.39,6.17
2022,11,HOU,WAS,33,12,4.33,6.45
2022,11,WAS,HOU,27,12,4.33,6.81
2022,11,PHI,IND,25,5,4.12,6.10
2022,11,IND,PHI,32,15,4.19,6.26
2022,11,NYJ,NE,22,9,4.00,6.08
2022,11,NE,NYJ,27,5,4.11,6.16
2022,11,NO,LA,28,7,4.43,6.18
2022,11,LA,NO,27,8,4.15,6.02
2022,11,DET,NYG,26,12,4.81,7.16
2022,11,NYG,DET,44,19,4.34,6.29
2022,11,DEN,LV,31,9,4.45,6.28
2022,11,LV,DEN,37,16,4.46,6.03
2022,11,LAC,KC,30,7,4.10,6.42
2022,11,KC,LAC,34,11,4.00,6.08
2022,11,DAL,MIN,30,8,4.10,6.81
2022,11,MIN,DAL,30,14,4.10,6.35
2022,11,PIT,CIN,42,17,4.14,5.90
2022,11,CIN,PIT,39,10,4.51,6.14
2022,11,SF,ARI,29,7,4.28,6.78
2022,11,ARI,SF,44,8,4.25,5.96
2022,12,BUF,DET,42,11,4.19,6.30
2022,12,DET,BUF,37,15,4.89,6.62
2022,12,DAL,NYG,30,17,5.00,7.00
2022,12,NYG,DAL,32,12,3.97,6.50
2022,12,NE,MIN,38,8,4.11,5.53
2022,12,MIN,NE,38,15,4.34,6.60
2022,12,DEN,CAR,35,15,4.46,6.30
2022,12,CAR,DEN,19,7,4.26,6.92
2022,12,TB,CLE,43,7,4.05,6.20
2022,12,CLE,TB,37,13,4.16,6.48
2022,12,JAX,BAL,37,5,4.08,6.25
2022,12,BAL,JAX,32,10,4.03,6.90
2022,12,MIA,HOU,40,12,3.85,6.49
2022,12,HOU,MIA,39,12,4.10,6.31
2022,12,CHI,NYJ,25,8,4.08,6.37
2022,12,NYJ,CHI,29,5,4.00,6.51
2022,12,TEN,CIN,34,11,4.18,6.37
2022,12,CIN,TEN,37,7,4.00,6.10
2022,12,WAS,ATL,23,7,4.04,6.66
2022,12,ATL,WAS,25,6,4.12,6.96
2022,12,ARI,LAC,29,3,4.28,6.09
2022,12,LAC,ARI,47,21,4.23,6.23
2022,12,SEA,LV,37,13,4.11,6.11
2022,12,LV,SEA,36,11,4.31,6.30
2022,12,LA,KC,24,7,4.21,6.09
2022,12,KC,LA,42,10,4.00,6.01
2022,12,SF,NO,37,14,4.05,6.77
2022,12,NO,SF,30,6,4.33,6.30
2022,12,GB,PHI,25,4,3.92,6.37
2022,12,PHI,GB,28,6,4.46,6.51
2022,12,IND,PIT,34,9,4.32,6.22
2022,12,PIT,IND,28,7,4.39,6.20
2022,13,BUF,NE,33,12,4.18,6.07
2022,13,NE,BUF,36,9,4.03,5.83
2022,13,ATL,PIT,24,9,4.58,6.94
2022,13,PIT,ATL,28,12,4.50,6.58
2022,13,BAL,DEN,36,9,4.19,5.93
2022,13,DEN,BAL,22,4,4.41,6.72
2022,13,GB,CHI,31,4,4.16,6.24
2022,13,CHI,GB,25,8,4.00,6.23
2022,13,DET,JAX,41,10,4.12,6.63
2022,13,JAX,DET,34,15,4.26,6.55
2022,13,CLE,HOU,22,8,4.50,6.76
2022,13,HOU,CLE,39,11,4.21,6.51
2022,13,MIN,NYJ,35,12,4.20,6.18
2022,13,NYJ,MIN,58,12,4.26,6.00
2022,13,WAS,NYG,41,16,4.29,6.33
2022,13,NYG,WAS,29,6,4.34,6.56
2022,13,TEN,PHI,26,8,4.04,6.27
2022,13,PHI,TEN,41,7,4.10,6.10
2022,13,SEA,LA,39,15,4.23,6.05
2022,13,LA,SEA,26,7,4.12,6.42
2022,13,SF,MIA,41,14,4.17,7.06
2022,13,MIA,SF,34,4,3.91,6.51
2022,13,KC,CIN,27,11,4.11,6.09
2022,13,CIN,KC,31,7,4.32,6.18
2022,13,LAC,LV,47,16,4.43,6.12
2022,13,LV,LAC,30,15,4.53,6.48
2022,13,IND,DAL,37,11,4.32,6.31
2022,13,DAL,IND,30,7,4.00,6.59
2022,13,NO,TB,29,5,4.24,6.64
2022,13,TB,NO,54,13,4.11,5.90
2022,14,LA,LV,34,8,4.41,6.03
2022,14,LV,LA,20,7,4.15,6.45
2022,14,NYJ,BUF,47,17,4.30,5.80
2022,14,BUF,NYJ,27,6,3.96,5.88
2022,14,CLE,CIN,42,12,4.17,5.99
2022,14,CIN,CLE,33,9,4.06,6.18
2022,14,HOU,DAL,26,11,4.31,6.89
2022,14,DAL,HOU,39,12,4.10,6.58
2022,14,MIN,DET,41,18,4.27,6.11
2022,14,DET,MIN,39,11,4.23,6.19
2022,14,PHI,NYG,31,5,4.35,6.51
2022,14,NYG,PHI,32,14,4.31,6.11
2022,14,PIT,BAL,31,10,4.35,6.49
2022,14,BAL,PIT,17,4,4.59,6.92
2022,14,JAX,TEN,42,14,4.05,6.54
2022,14,TEN,JAX,38,15,4.00,6.19
2022,14,LAC,MIA,51,19,4.43,6.60
2022,14,MIA,LAC,28,6,4.00,6.10
2022,14,SEA,CAR,36,10,4.44,6.41
2022,14,CAR,SEA,24,8,4.00,7.03
2022,14,TB,SF,55,19,4.15,5.89
2022,14,SF,TB,23,8,4.35,7.16
2022,14,DEN,KC,44,10,4.27,6.10
2022,14,KC,DEN,42,9,4.31,6.00
2022,14,NE,ARI,35,5,4.09,6.42
2022,14,ARI,NE,41,6,4.22,6.21
2022,15,SF,SEA,26,5,3.85,6.84
2022,15,SEA,SF,44,17,4.20,6.11
2022,15,MIN,IND,55,9,3.98,6.30
2022,15,IND,MIN,33,10,4.55,6.28
2022,15,BAL,CLE,30,6,4.13,6.37
2022,15,CLE,BAL,28,5,4.11,7.12
2022,15,BUF,MIA,40,13,4.20,6.52
2022,15,MIA,BUF,30,5,4.47,6.32
2022,15,PIT,CAR,22,5,4.32,7.29
2022,15,CAR,PIT,22,8,4.32,6.42
2022,15,PHI,CHI,37,8,4.14,6.41
2022,15,CHI,PHI,22,5,4.14,6.27
2022,15,KC,HOU,41,11,4.29,6.32
2022,15,HOU,KC,29,10,4.31,6.54
2022,15,JAX,DAL,42,19,4.12,6.34
2022,15,DAL,JAX,30,12,4.50,6.83
2022,15,NYJ,DET,35,10,4.60,6.40
2022,15,DET,NYJ,38,13,4.21,6.34
2022,15,ARI,DEN,36,11,4.22,5.73
2022,15,DEN,ARI,26,5,4.23,6.80
2022,15,LAC,TEN,40,11,4.33,6.23
2022,15,TEN,LAC,26,6,4.35,6.40
2022,15,TB,CIN,44,8,4.07,6.31
2022,15,CIN,TB,38,7,4.21,6.73
2022,15,NE,LV,31,5,4.13,6.06
2022,15,LV,NE,38,11,3.97,6.28
2022,15,ATL,NO,26,5,4.08,6.76
2022,15,NO,ATL,19,1,4.05,6.53
2022,15,NYG,WAS,32,9,4.25,6.37
2022,15,WAS,NYG,29,9,4.28,6.38
2022,15,GB,LA,30,5,4.13,6.39
2022,15,LA,GB,21,8,3.95,5.87
2022,16,NYJ,JAX,33,10,4.24,6.15
2022,16,JAX,NYJ,31,8,4.00,6.49
2022,16,ATL,BAL,33,9,4.24,6.94
2022,16,BAL,ATL,17,0,4.12,6.96
2022,16,DET,CAR,42,12,4.31,6.21
2022,16,CAR,DET,22,6,3.82,6.38
2022,16,BUF,CHI,26,5,4.00,6.65
2022,16,CHI,BUF,27,10,4.22,6.06
2022,16,NO,CLE,15,7,4.33,6.98
2022,16,CLE,NO,31,9,4.03,6.61
2022,16,SEA,KC,40,13,3.92,5.95
2022,16,KC,SEA,28,5,3.64,6.42
2022,16,NYG,MIN,42,16,4.05,6.10
2022,16,MIN,NYG,47,22,4.53,5.96
2022,16,NE,CIN,32,10,4.16,6.13
2022,16,CIN,NE,52,11,3.96,6.49
2022,16,HOU,TEN,32,10,4.22,6.41
2022,16,TEN,HOU,23,11,4.22,6.56
2022,16,SF,WAS,22,7,4.68,6.96
2022,16,WAS,SF,34,12,4.38,6.32
2022,16,DAL,PHI,35,10,4.43,6.34
2022,16,PHI,DAL,39,15,4.18,6.49
2022,16,PIT,LV,39,12,4.10,6.50
2022,16,LV,PIT,30,11,4.40,6.25
2022,16,GB,MIA,38,7,4.82,7.03
2022,16,MIA,GB,25,9,4.08,6.32
2022,16,DEN,LA,35,12,4.29,5.64
2022,16,LA,DEN,28,4,4.32,6.38
2022,16,ARI,TB,45,9,4.00,6.58
2022,16,TB,ARI,48,6,4.17,6.44
2022,16,LAC,IND,31,12,4.10,6.57
2022,16,IND,LAC,29,11,4.21,5.92
2022,17,TEN,DAL,39,17,4.21,6.49
2022,17,DAL,TEN,41,7,4.15,6.47
2022,17,ATL,ARI,26,10,4.73,7.00
2022,17,ARI,ATL,40,10,4.13,6.16
2022,17,BAL,PIT,20,5,4.65,6.81
2022,17,PIT,BAL,27,10,3.93,6.69
2022,17,DET,CHI,29,8,4.45,6.70
2022,17,CHI,DET,21,7,3.95,6.48
2022,17,JAX,HOU,29,7,4.24,6.65
2022,17,HOU,JAX,44,24,4.14,6.50
2022,17,KC,DEN,42,9,4.00,6.25
2022,17,DEN,KC,38,10,3.92,6.11
2022,17,NE,MIA,33,6,4.36,6.62
2022,17,MIA,NE,40,16,3.98,6.20
2022,17,NYG,IND,24,7,4.04,6.41
2022,17,IND,NYG,27,10,4.26,5.93
2022,17,PHI,NO,32,8,3.91,5.87
2022,17,NO,PHI,24,7,4.17,6.56
2022,17,TB,CAR,45,8,4.22,6.73
2022,17,CAR,TB,35,12,4.11,6.70
2022,17,WAS,CLE,28,8,4.04,6.45
2022,17,CLE,WAS,18,7,4.28,6.61
2022,17,SF,LV,35,9,4.49,6.91
2022,17,LV,SF,34,15,4.26,6.72
2022,17,NYJ,SEA,46,19,4.13,5.85
2022,17,SEA,NYJ,29,8,4.17,6.28
2022,17,GB,MIN,26,3,4.00,6.40
2022,17,MIN,GB,35,16,4.09,5.76
2022,17,LAC,LA,31,9,4.39,6.16
2022,17,LA,LAC,19,5,4.68,6.37
2022,18,LV,KC,36,13,4.06,6.10
2022,18,KC,LV,26,3,4.15,6.29
2022,18,JAX,TEN,32,10,4.34,6.50
2022,18,TEN,JAX,29,12,4.34,6.81
2022,18,ATL,TB,30,10,4.33,7.10
2022,18,TB,ATL,34,10,4.35,6.53
2022,18,NE,BUF,40,9,4.15,6.09
2022,18,BUF,NE,31,7,3.84,6.34
2022,18,MIN,CHI,33,8,4.18,6.80
2022,18,CHI,MIN,27,5,4.19,6.12
2022,18,CIN,BAL,42,8,4.05,6.42
2022,18,BAL,CIN,42,13,4.29,6.40
2022,18,DET,GB,34,7,4.47,6.34
2022,18,GB,DET,27,8,4.22,6.82
2022,18,IND,HOU,35,14,4.29,6.28
2022,18,HOU,IND,40,12,4.35,6.28
2022,18,NYJ,MIA,33,20,4.45,6.50
2022,18,MIA,NYJ,31,15,4.00,6.09
2022,18,CAR,NO,15,7,4.40,6.69
2022,18,NO,CAR,25,3,4.28,6.73
2022,18,PHI,NYG,35,12,4.37,6.58
2022,18,NYG,PHI,40,19,4.20,6.19
2022,18,PIT,CLE,29,10,4.55,7.15
2022,18,CLE,PIT,28,7,4.18,5.63
2022,18,WAS,DAL,19,7,4.26,6.79
2022,18,DAL,WAS,38,12,4.18,6.10
2022,18,DEN,LAC,24,5,4.46,6.37
2022,18,LAC,DEN,44,12,4.27,6.09
2022,18,LA,SEA,26,9,4.15,6.30
2022,18,SEA,LA,30,9,4.33,5.99
2022,18,SF,ARI,20,7,4.40,7.26
2022,18,ARI,SF,27,5,4.19,6.46
2022,19,SF,SEA,30,7,3.87,6.89
2022,19,SEA,SF,35,4,4.03,6.15
2022,19,LAC,JAX,43,12,4.33,6.53
2022,19,JAX,LAC,47,11,4.04,5.99
2022,19,MIA,BUF,45,16,4.22,5.93
2022,19,BUF,MIA,39,17,4.72,6.68
2022,19,NYG,MIN,35,7,4.17,6.13
2022,19,MIN,NYG,40,18,4.17,6.21
2022,19,BAL,CIN,29,7,4.41,6.90
2022,19,CIN,BAL,32,6,3.81,6.16
2022,19,TB,DAL,66,21,3.95,6.02
2022,19,DAL,TB,33,8,4.33,6.86
2022,20,KC,JAX,37,11,4.19,6.91
2022,20,JAX,KC,38,10,4.24,6.00
2022,20,NYG,PHI,27,10,4.15,6.08
2022,20,PHI,NYG,24,4,4.25,6.60
2022,20,BUF,CIN,42,19,4.19,5.87
2022,20,CIN,BUF,35,8,4.17,6.01
2022,20,DAL,SF,37,13,3.86,6.25
2022,20,SF,DAL,29,9,4.07,6.67
2022,21,SF,PHI,18,9,4.39,6.67
2022,21,PHI,SF,25,8,4.20,6.59
2022,21,KC,CIN,43,13,4.26,6.25
2022,21,CIN,KC,41,9,4.12,6.00
2022,22,KC,PHI,27,11,4.30,6.46
2022,22,PHI,KC,38,11,4.45,6.31
2023,1,WAS,ARI,87,20,2.07,5.08
2023,1,ARI,WAS,76,16,2.07,5.97
2023,1,NO,TEN,82,16,1.89,6.10
2023,1,TEN,NO,80,13,2.19,6.02
2023,1,MIN,TB,79,13,2.68,6.14
2023,1,TB,MIN,85,10,2.05,6.06
2023,1,BAL,HOU,79,14,1.92,6.73
2023,1,HOU,BAL,91,16,2.68,6.32
2023,1,IND,JAX,87,15,2.40,5.47
2023,1,JAX,IND,84,7,1.67,5.87
2023,1,CHI,GB,89,28,2.35,5.00
2023,1,GB,CHI,78,5,1.65,6.47
2023,1,DET,KC,86,6,1.77,6.16
2023,1,KC,DET,79,20,2.48,5.86
2023,1,CIN,CLE,76,15,2.14,6.25
2023,1,CLE,CIN,88,18,1.81,6.49
2023,1,PIT,SF,79,25,2.76,6.69
2023,1,SF,PIT,84,16,1.58,6.73
2023,1,ATL,CAR,67,8,1.54,6.44
2023,1,CAR,ATL,91,17,2.13,5.79
2023,1,LV,DEN,69,11,2.17,6.56
2023,1,DEN,LV,76,17,2.26,5.87
2023,1,MIA,LAC,83,7,2.47,5.90
2023,1,LAC,MIA,98,9,1.95,6.15
2023,1,PHI,NE,81,14,2.16,6.08
2023,1,NE,PHI,96,16,2.57,6.04
2023,1,SEA,LA,66,9,2.00,5.86
2023,1,LA,SEA,97,12,1.81,6.42
2023,1,NYG,DAL,84,40,2.49,6.54
2023,1,DAL,NYG,70,11,1.81,6.57
2023,1,BUF,NYJ,84,15,2.49,5.44
2023,1,NYJ,BUF,69,10,1.62,6.53
2023,10,CHI,CAR,88,6,1.77,6.18
2023,10,CAR,CHI,77,13,2.44,5.92
2023,10,NE,IND,81,13,1.72,6.26
2023,10,IND,NE,69,10,1.94,6.25
2023,10,CLE,BAL,96,18,2.06,6.91
2023,10,BAL,CLE,75,9,2.04,7.43
2023,10,JAX,SF,72,10,2.42,5.82
2023,10,SF,JAX,73,12,1.90,6.68
2023,10,CIN,HOU,81,20,2.65,5.79
2023,10,HOU,CIN,93,11,1.90,6.41
2023,10,MIN,NO,90,14,1.96,6.16
2023,10,NO,MIN,82,12,2.44,5.78
2023,10,PIT,GB,80,9,1.52,5.92
2023,10,GB,PIT,82,11,2.23,5.41
2023,10,ARI,ATL,81,10,2.19,6.33
2023,10,ATL,ARI,84,11,1.65,6.03
2023,10,TEN,TB,77,16,2.71,6.11
2023,10,TB,TEN,77,12,2.06,5.61
2023,10,LAC,DET,88,15,2.30,7.04
2023,10,DET,LAC,81,4,1.90,6.94
2023,10,DAL,NYG,92,10,2.25,6.49
2023,10,NYG,DAL,76,13,2.30,6.55
2023,10,BUF,DEN,66,9,1.80,6.09
2023,10,DEN,BUF,96,18,1.85,6.54
2023,10,WAS,SEA,79,12,2.48,6.67
2023,10,SEA,WAS,102,13,2.32,6.73
2023,10,LV,NYJ,79,8,1.77,7.13
2023,10,NYJ,LV,80,7,2.44,6.68
2023,11,DAL,CAR,84,9,2.36,6.09
2023,11,CAR,DAL,76,15,2.05,6.02
2023,11,BAL,CIN,82,12,1.78,6.35
2023,11,CIN,BAL,82,11,2.10,5.93
2023,11,CLE,PIT,90,6,2.17,7.23
2023,11,PIT,CLE,74,11,2.04,7.28
2023,11,CHI,DET,91,18,1.64,6.76
2023,11,DET,CHI,75,12,2.16,5.97
2023,11,TEN,JAX,58,9,1.67,6.21
2023,11,JAX,TEN,83,13,1.84,5.79
2023,11,GB,LAC,88,12,2.28,6.15
2023,11,LAC,GB,78,7,2.38,5.97
2023,11,ARI,HOU,70,12,2.41,6.07
2023,11,HOU,ARI,77,8,2.18,5.86
2023,11,NYJ,BUF,72,13,2.43,6.18
2023,11,BUF,NYJ,90,10,1.74,6.05
2023,11,SF,TB,73,12,1.97,7.00
2023,11,TB,SF,82,12,2.79,5.90
2023,11,NYG,WAS,72,11,2.38,6.02
2023,11,WAS,NYG,94,21,2.47,5.80
2023,11,LV,MIA,76,8,2.36,6.02
2023,11,MIA,LV,84,7,2.05,5.84
2023,11,LA,SEA,82,11,2.11,7.26
2023,11,SEA,LA,80,8,2.25,6.86
2023,11,KC,PHI,97,19,2.33,5.96
2023,11,PHI,KC,69,12,2.07,6.40
2023,11,MIN,DEN,88,14,2.08,6.54
2023,11,DEN,MIN,69,9,2.22,6.69
2023,12,GB,DET,73,11,1.90,6.25
2023,12,DET,GB,94,19,2.31,5.80
2023,12,WAS,DAL,92,19,2.42,6.15
2023,12,DAL,WAS,69,7,2.20,6.26
2023,12,SF,SEA,82,9,1.73,7.34
2023,12,SEA,SF,73,10,2.15,6.61
2023,12,NYJ,MIA,76,18,2.58,5.71
2023,12,MIA,NYJ,81,8,1.64,6.15
2023,12,NO,ATL,85,5,2.19,5.97
2023,12,ATL,NO,76,3,1.43,6.44
2023,12,PIT,CIN,82,6,2.10,6.18
2023,12,CIN,PIT,58,8,2.36,5.67
2023,12,HOU,JAX,76,22,2.59,6.02
2023,12,JAX,HOU,89,9,2.02,5.97
2023,12,TB,IND,76,8,2.20,5.75
2023,12,IND,TB,86,7,2.44,6.28
2023,12,NYG,NE,65,12,2.17,5.86
2023,12,NE,NYG,81,7,2.11,6.46
2023,12,TEN,CAR,69,8,1.70,6.73
2023,12,CAR,TEN,86,19,2.13,6.41
2023,12,LA,ARI,79,6,1.71,6.10
2023,12,ARI,LA,88,10,2.45,5.63
2023,12,CLE,DEN,87,14,2.55,7.07
2023,12,DEN,CLE,86,10,1.48,7.78
2023,12,LV,KC,71,8,2.30,6.92
2023,12,KC,LV,74,5,2.01,6.82
2023,12,BUF,PHI,116,10,2.18,5.74
2023,12,PHI,BUF,87,12,1.86,5.94
2023,12,LAC,BAL,78,13,2.78,5.91
2023,12,BAL,LAC,85,9,1.87,6.16
2023,12,CHI,MIN,81,22,2.56,5.91
2023,12,MIN,CHI,66,14,2.50,6.20
2023,13,DAL,SEA,103,13,2.26,6.47
2023,13,SEA,DAL,86,13,2.42,6.49
2023,13,NE,LAC,76,11,1.93,6.43
2023,13,LAC,NE,75,8,2.16,6.29
2023,13,DET,NO,77,4,1.51,7.21
2023,13,NO,DET,84,9,1.63,7.74
2023,13,ATL,NYJ,84,15,1.70,6.33
2023,13,NYJ,ATL,85,15,2.14,5.90
2023,13,TEN,IND,108,13,1.78,6.16
2023,13,IND,TEN,88,12,2.45,6.04
2023,13,PIT,ARI,75,8,1.72,6.18
2023,13,ARI,PIT,82,8,1.71,6.70
2023,13,WAS,MIA,70,17,1.80,5.81
2023,13,MIA,WAS,74,6,1.45,6.15
2023,13,HOU,DEN,86,11,1.97,6.44
2023,13,DEN,HOU,76,14,1.96,6.22
2023,13,TB,CAR,78,10,1.88,6.05
2023,13,CAR,TB,87,19,2.01,6.58
2023,13,CLE,LA,88,8,2.24,5.77
2023,13,LA,CLE,86,2,1.81,6.79
2023,13,PHI,SF,88,25,2.68,5.79
2023,13,SF,PHI,75,8,1.71,6.59
2023,13,CIN,JAX,89,6,2.09,6.97
2023,13,JAX,CIN,92,12,2.04,6.61
2023,13,GB,KC,78,11,2.29,7.42
2023,13,KC,GB,78,5,2.32,6.97
2023,14,NE,PIT,74,7,1.89,6.65
2023,14,PIT,NE,83,18,2.30,5.86
2023,14,TB,ATL,86,10,1.51,5.87
2023,14,ATL,TB,88,8,2.40,6.32
2023,14,CHI,DET,82,15,2.43,6.38
2023,14,DET,CHI,82,12,2.21,5.97
2023,14,IND,CIN,80,4,2.27,6.11
2023,14,CIN,IND,77,6,1.57,6.28
2023,14,HOU,NYJ,74,12,2.14,6.23
2023,14,NYJ,HOU,85,14,2.25,6.60
2023,14,CAR,NO,92,18,2.20,6.47
2023,14,NO,CAR,66,8,1.88,6.24
2023,14,CLE,JAX,98,8,2.11,6.39
2023,14,JAX,CLE,98,14,2.51,6.04
2023,14,BAL,LA,90,14,2.61,6.56
2023,14,LA,BAL,101,13,1.97,7.33
2023,14,SF,SEA,69,10,1.83,6.15
2023,14,SEA,SF,74,15,2.27,5.69
2023,14,LV,MIN,64,10,2.31,6.56
2023,14,MIN,LV,87,15,2.38,6.47
2023,14,KC,BUF,80,16,2.49,5.94
2023,14,BUF,KC,90,28,2.29,5.97
2023,14,DAL,PHI,95,12,2.15,6.52
2023,14,PHI,DAL,70,10,2.06,6.29
2023,14,LAC,DEN,80,16,2.73,6.60
2023,14,DEN,LAC,81,8,1.94,6.92
2023,14,GB,NYG,82,10,2.43,7.16
2023,14,NYG,GB,74,7,1.65,7.27
2023,14,TEN,MIA,91,19,1.96,6.04
2023,14,MIA,TEN,90,18,1.87,5.93
2023,15,LAC,LV,85,11,1.87,5.77
2023,15,LV,LAC,84,8,1.89,5.66
2023,15,PIT,IND,72,11,1.90,6.28
2023,15,IND,PIT,81,9,1.89,7.03
2023,15,CIN,MIN,85,18,2.54,6.28
2023,15,MIN,CIN,83,12,2.01,6.62
2023,15,DET,DEN,80,12,2.17,6.32
2023,15,DEN,DET,80,19,2.08,6.59
2023,15,ATL,CAR,63,2,1.41,6.51
2023,15,CAR,ATL,78,8,1.64,6.25
2023,15,CLE,CHI,89,10,2.48,6.23
2023,15,CHI,CLE,93,16,2.25,6.28
2023,15,TB,GB,75,12,2.00,6.63
2023,15,GB,TB,76,14,2.58,6.75
2023,15,MIA,NYJ,75,7,1.60,6.10
2023,15,NYJ,MIA,73,19,2.67,6.00
2023,15,NYG,NO,76,17,2.55,5.44
2023,15,NO,NYG,73,8,2.08,6.39
2023,15,HOU,TEN,94,11,1.85,5.83
2023,15,TEN,HOU,79,13,1.82,5.78
2023,15,NE,KC,69,12,2.14,6.11
2023,15,KC,NE,80,10,2.24,5.68
2023,15,ARI,SF,90,8,2.12,6.24
2023,15,SF,ARI,72,6,1.42,6.15
2023,15,WAS,LA,75,12,2.49,6.20
2023,15,LA,WAS,89,15,1.89,6.68
2023,15,BUF,DAL,79,12,1.18,6.58
2023,15,DAL,BUF,70,14,2.44,5.91
2023,15,JAX,BAL,77,7,2.68,6.37
2023,15,BAL,JAX,82,13,1.70,6.96
2023,15,PHI,SEA,85,9,1.75,6.24
2023,15,SEA,PHI,77,5,1.96,6.00
2023,16,NO,LA,71,10,2.68,5.51
2023,16,LA,NO,85,5,1.85,5.99
2023,16,CIN,PIT,76,18,2.57,5.70
2023,16,PIT,CIN,73,11,1.77,6.42
2023,16,IND,ATL,85,19,2.45,6.00
2023,16,ATL,IND,81,5,1.70,6.03
2023,16,CLE,HOU,92,10,2.25,5.96
2023,16,HOU,CLE,90,15,2.91,6.08
2023,16,DET,MIN,98,11,2.15,7.38
2023,16,MIN,DET,69,17,2.75,6.66
2023,16,BUF,LAC,71,6,1.62,6.98
2023,16,LAC,BUF,86,11,2.17,7.07
2023,16,CAR,GB,83,11,2.16,6.82
2023,16,GB,CAR,82,7,1.76,6.85
2023,16,TEN,SEA,81,13,1.89,6.02
2023,16,SEA,TEN,75,12,2.48,5.65
2023,16,WAS,NYJ,83,9,1.98,5.92
2023,16,NYJ,WAS,111,13,2.07,5.98
2023,16,TB,JAX,88,6,1.77,6.04
2023,16,JAX,TB,76,9,3.00,5.94
2023,16,CHI,ARI,86,10,1.65,6.49
2023,16,ARI,CHI,77,9,2.23,5.74
2023,16,DAL,MIA,81,14,2.26,6.34
2023,16,MIA,DAL,80,4,2.00,6.33
2023,16,NE,DEN,76,11,2.13,6.16
2023,16,DEN,NE,84,18,2.38,6.18
2023,16,BAL,SF,85,16,2.22,6.49
2023,16,SF,BAL,85,16,2.67,6.43
2023,16,NYG,PHI,79,10,1.87,6.62
2023,16,PHI,NYG,93,10,2.30,7.24
2023,16,KC,LV,90,21,2.60,6.24
2023,16,LV,KC,67,12,1.63,6.42
2023,17,CLE,NYJ,74,9,1.89,6.86
2023,17,NYJ,CLE,97,13,2.25,6.30
2023,17,DET,DAL,84,11,1.74,5.77
2023,17,DAL,DET,81,11,2.44,6.14
2023,17,MIA,BAL,86,6,2.17,6.71
2023,17,BAL,MIA,76,5,1.59,7.44
2023,17,NE,BUF,68,13,2.01,6.37
2023,17,BUF,NE,85,11,1.73,6.07
2023,17,ATL,CHI,75,10,2.13,6.42
2023,17,CHI,ATL,91,10,1.96,7.15
2023,17,TEN,HOU,68,16,1.99,6.22
2023,17,HOU,TEN,72,4,1.99,6.52
2023,17,IND,LV,70,6,1.70,6.35
2023,17,LV,IND,96,13,2.24,6.09
2023,17,LA,NYG,76,8,2.54,6.38
2023,17,NYG,LA,91,18,2.57,5.90
2023,17,JAX,CAR,73,7,1.68,6.12
2023,17,CAR,JAX,68,10,2.46,6.11
2023,17,NO,TB,87,5,1.61,6.54
2023,17,TB,NO,70,7,2.27,5.53
2023,17,SF,WAS,80,5,1.63,6.68
2023,17,WAS,SF,59,7,2.29,6.33
2023,17,PHI,ARI,64,2,1.53,6.02
2023,17,ARI,PHI,88,4,1.67,5.91
2023,17,PIT,SEA,86,5,1.34,6.55
2023,17,SEA,PIT,67,16,2.24,5.90
2023,17,LAC,DEN,80,8,2.25,6.11
2023,17,DEN,LAC,86,7,1.95,6.39
2023,17,CIN,KC,89,14,2.27,6.46
2023,17,KC,CIN,67,10,2.09,6.54
2023,17,GB,MIN,85,3,1.95,6.86
2023,17,MIN,GB,69,16,2.45,6.31
2023,18,PIT,BAL,77,9,1.26,7.31
2023,18,BAL,PIT,72,20,2.21,6.32
2023,18,IND,HOU,83,9,1.45,6.29
2023,18,HOU,IND,76,9,1.72,6.33
2023,18,TB,CAR,75,9,2.09,5.76
2023,18,CAR,TB,64,11,1.83,7.33
2023,18,CLE,CIN,69,13,1.90,6.12
2023,18,CIN,CLE,82,12,1.95,6.49
2023,18,NO,ATL,87,11,1.52,6.18
2023,18,ATL,NO,79,9,1.87,6.05
2023,18,NE,NYJ,73,12,2.10,5.81
2023,18,NYJ,NE,79,5,1.29,6.00
2023,18,DET,MIN,72,5,2.43,7.35
2023,18,MIN,DET,90,17,2.51,6.96
2023,18,CHI,GB,58,11,1.66,6.23
2023,18,GB,CHI,68,3,2.00,5.81
2023,18,KC,LAC,72,10,1.94,6.00
2023,18,LAC,KC,96,14,2.41,5.78
2023,18,DEN,LV,74,19,2.35,6.28
2023,18,LV,DEN,79,6,2.09,6.51
2023,18,JAX,TEN,83,4,2.46,6.04
2023,18,TEN,JAX,70,8,1.94,6.75
2023,18,ARI,SEA,86,9,1.57,6.54
2023,18,SEA,ARI,68,9,1.97,5.80
2023,18,SF,LA,72,11,1.83,6.50
2023,18,LA,SF,75,7,2.05,6.42
2023,18,NYG,PHI,81,10,2.21,5.96
2023,18,PHI,NYG,80,21,2.61,6.12
2023,18,WAS,DAL,62,7,2.24,6.29
2023,18,DAL,WAS,83,4,2.22,6.46
2023,18,MIA,BUF,65,6,1.94,6.23
2023,18,BUF,MIA,87,14,2.37,6.29
2023,19,GB,DAL,73,5,1.37,7.64
2023,19,DAL,GB,109,17,2.80,6.12
2023,19,CLE,HOU,85,13,2.64,6.41
2023,19,HOU,CLE,63,6,1.81,6.98
2023,19,KC,MIA,91,9,2.55,6.38
2023,19,MIA,KC,76,8,2.37,5.80
2023,19,PIT,BUF,81,11,2.26,6.09
2023,19,BUF,PIT,81,6,2.02,6.32
2023,19,TB,PHI,84,13,2.18,6.96
2023,19,PHI,TB,74,20,2.97,6.83
2023,19,DET,LA,71,7,1.79,7.08
2023,19,LA,DET,70,10,2.64,7.24
2023,2,LV,BUF,53,8,2.06,6.40
2023,2,BUF,LV,89,14,2.12,6.36
2023,2,PHI,MIN,97,15,1.49,6.13
2023,2,MIN,PHI,71,26,2.85,6.47
2023,2,GB,ATL,68,5,1.94,6.29
2023,2,ATL,GB,96,17,1.95,6.22
2023,2,BAL,CIN,89,11,2.19,6.50
2023,2,CIN,BAL,72,11,2.58,6.27
2023,2,SEA,DET,91,20,2.27,5.72
2023,2,DET,SEA,78,8,2.08,5.29
2023,2,IND,HOU,74,13,2.08,6.02
2023,2,HOU,IND,101,19,2.20,5.61
2023,2,TB,CHI,87,15,1.72,6.12
2023,2,CHI,TB,68,15,2.19,6.28
2023,2,JAX,KC,82,18,2.62,4.86
2023,2,KC,JAX,80,15,2.52,4.88
2023,2,LAC,TEN,83,13,2.40,5.75
2023,2,TEN,LAC,83,14,1.70,6.34
2023,2,WAS,DEN,91,18,2.35,5.86
2023,2,DEN,WAS,82,22,2.30,6.06
2023,2,NO,CAR,92,10,2.00,6.39
2023,2,CAR,NO,75,14,2.27,6.48
2023,2,CLE,PIT,103,18,2.13,6.32
2023,2,PIT,CLE,73,12,1.92,6.41
2023,2,SF,LA,72,12,1.61,6.30
2023,2,LA,SF,94,33,2.78,6.46
2023,2,ARI,NYG,84,19,1.58,6.41
2023,2,NYG,ARI,85,21,2.09,6.57
2023,2,DAL,NYJ,101,13,1.80,6.78
2023,2,NYJ,DAL,65,15,2.26,6.13
2023,2,NE,MIA,87,21,2.44,5.75
2023,2,MIA,NE,77,9,1.83,5.80
2023,20,HOU,BAL,70,10,2.24,6.25
2023,20,BAL,HOU,84,10,1.80,6.88
2023,20,GB,SF,78,9,2.09,6.30
2023,20,SF,GB,79,7,2.24,6.19
2023,20,DET,TB,88,8,2.18,6.26
2023,20,TB,DET,78,11,2.54,5.92
2023,20,BUF,KC,92,7,2.09,6.10
2023,20,KC,BUF,62,9,1.87,6.30
2023,21,BAL,KC,69,13,3.13,6.11
2023,21,KC,BAL,93,12,2.26,6.30
2023,21,DET,SF,87,12,2.05,6.86
2023,21,SF,DET,81,12,2.05,7.55
2023,22,SF,KC,96,14,2.15,6.28
2023,22,KC,SF,96,15,2.41,6.04
2023,3,SF,NYG,96,15,2.28,7.01
2023,3,NYG,SF,66,15,2.73,6.78
2023,3,IND,BAL,106,15,2.16,6.26
2023,3,BAL,IND,91,13,2.09,6.18
2023,3,CLE,TEN,82,15,2.15,6.76
2023,3,TEN,CLE,66,13,2.15,7.02
2023,3,ATL,DET,82,15,2.40,6.72
2023,3,DET,ATL,83,13,1.88,6.27
2023,3,MIA,DEN,91,3,1.31,6.58
2023,3,DEN,MIA,83,22,2.20,6.06
2023,3,LAC,MIN,80,12,3.54,5.83
2023,3,MIN,LAC,98,22,2.56,5.16
2023,3,NO,GB,78,9,2.15,6.25
2023,3,GB,NO,92,14,2.48,5.91
2023,3,HOU,JAX,74,10,1.80,6.34
2023,3,JAX,HOU,91,8,2.18,6.10
2023,3,ARI,DAL,75,10,1.84,7.12
2023,3,DAL,ARI,96,18,2.22,6.20
2023,3,KC,CHI,90,8,1.93,6.20
2023,3,CHI,KC,67,9,1.88,6.16
2023,3,BUF,WAS,79,11,2.04,6.11
2023,3,WAS,BUF,66,20,2.59,5.85
2023,3,NYJ,NE,79,18,2.25,6.18
2023,3,NE,NYJ,91,8,1.40,6.23
2023,3,SEA,CAR,91,15,1.85,5.97
2023,3,CAR,SEA,107,25,2.61,5.86
2023,3,PIT,LV,77,16,1.87,6.92
2023,3,LV,PIT,90,22,2.72,6.56
2023,3,TB,PHI,57,7,2.32,5.96
2023,3,PHI,TB,91,8,2.16,6.28
2023,3,CIN,LA,97,9,2.27,5.77
2023,3,LA,CIN,71,20,2.68,5.91
2023,4,DET,GB,92,9,1.49,6.09
2023,4,GB,DET,73,14,2.41,5.81
2023,4,JAX,ATL,76,12,2.09,6.57
2023,4,ATL,JAX,73,12,2.23,6.48
2023,4,MIN,CAR,58,6,1.90,6.54
2023,4,CAR,MIN,86,10,2.26,6.44
2023,4,BUF,MIA,72,5,1.76,6.70
2023,4,MIA,BUF,81,13,2.41,6.43
2023,4,CHI,DEN,88,18,2.05,6.38
2023,4,DEN,CHI,67,14,1.97,6.43
2023,4,BAL,CLE,74,14,1.64,6.26
2023,4,CLE,BAL,86,19,2.15,6.04
2023,4,HOU,PIT,86,17,1.67,6.90
2023,4,PIT,HOU,72,19,2.00,6.33
2023,4,LA,IND,98,11,1.99,5.22
2023,4,IND,LA,78,13,1.87,5.37
2023,4,NO,TB,80,18,2.44,6.25
2023,4,TB,NO,87,15,2.07,6.44
2023,4,WAS,PHI,97,20,2.42,6.05
2023,4,PHI,WAS,87,14,2.32,6.15
2023,4,CIN,TEN,65,13,2.45,5.98
2023,4,TEN,CIN,77,12,1.92,6.48
2023,4,LAC,LV,77,12,1.64,6.38
2023,4,LV,LAC,88,12,2.31,6.08
2023,4,DAL,NE,84,8,2.05,6.27
2023,4,NE,DAL,73,10,1.90,6.44
2023,4,ARI,SF,86,10,2.30,5.83
2023,4,SF,ARI,66,2,1.48,6.38
2023,4,NYG,SEA,86,25,2.62,5.71
2023,4,SEA,NYG,69,13,2.06,6.55
2023,4,KC,NYJ,82,19,1.99,5.90
2023,4,NYJ,KC,75,13,2.53,6.12
2023,5,CHI,WAS,81,13,1.80,6.81
2023,5,WAS,CHI,85,18,3.19,6.33
2023,5,JAX,BUF,103,21,2.18,6.33
2023,5,BUF,JAX,73,13,2.93,6.27
2023,5,ATL,HOU,97,7,1.70,6.51
2023,5,HOU,ATL,74,4,1.92,6.19
2023,5,CAR,DET,89,15,2.31,6.34
2023,5,DET,CAR,75,12,1.79,6.33
2023,5,IND,TEN,79,13,1.76,6.42
2023,5,TEN,IND,72,12,2.15,6.39
2023,5,NYG,MIA,90,24,2.10,5.95
2023,5,MIA,NYG,67,9,1.79,5.98
2023,5,NO,NE,92,12,1.46,6.63
2023,5,NE,NO,72,11,2.01,6.19
2023,5,BAL,PIT,82,18,2.70,5.57
2023,5,PIT,BAL,79,8,2.04,5.84
2023,5,PHI,LA,89,10,2.18,6.33
2023,5,LA,PHI,67,14,2.75,5.84
2023,5,ARI,CIN,71,10,2.11,5.98
2023,5,CIN,ARI,96,9,2.38,5.93
2023,5,NYJ,DEN,83,10,1.78,6.49
2023,5,DEN,NYJ,79,21,2.20,6.21
2023,5,MIN,KC,84,14,2.86,6.30
2023,5,KC,MIN,81,13,2.42,6.43
2023,5,GB,LV,70,4,2.09,6.19
2023,5,LV,GB,80,7,1.91,6.54
2023,5,SF,DAL,88,2,1.48,6.87
2023,5,DAL,SF,63,10,2.00,6.69
2023,6,DEN,KC,62,10,2.13,6.21
2023,6,KC,DEN,84,9,2.35,5.85
2023,6,SEA,CIN,86,22,2.30,6.40
2023,6,CIN,SEA,68,8,2.21,6.06
2023,6,BAL,TEN,86,14,1.91,6.60
2023,6,TEN,BAL,73,15,2.15,6.63
2023,6,WAS,ATL,65,10,1.91,6.55
2023,6,ATL,WAS,97,11,2.42,6.93
2023,6,IND,JAX,93,11,2.92,6.09
2023,6,JAX,IND,84,7,1.75,5.93
2023,6,CAR,MIA,85,12,2.22,5.87
2023,6,MIA,CAR,81,5,1.90,6.44
2023,6,SF,CLE,82,18,1.84,6.20
2023,6,CLE,SF,91,16,1.93,6.27
2023,6,CHI,MIN,79,18,2.15,6.18
2023,6,MIN,CHI,75,9,2.03,6.00
2023,6,HOU,NO,76,10,1.78,6.10
2023,6,NO,HOU,96,14,2.71,5.95
2023,6,LV,NE,83,8,1.93,6.66
2023,6,NE,LV,75,7,2.28,6.54
2023,6,TB,DET,70,13,2.37,6.45
2023,6,DET,TB,85,13,2.14,6.57
2023,6,DAL,LAC,78,18,2.18,5.87
2023,6,LAC,DAL,85,24,3.24,5.93
2023,6,ARI,LA,91,20,2.12,6.04
2023,6,LA,ARI,72,4,1.53,6.51
2023,6,NYJ,PHI,79,13,2.47,6.46
2023,6,PHI,NYJ,82,15,2.60,6.39
2023,6,BUF,NYG,74,11,1.91,6.61
2023,6,NYG,BUF,89,18,2.24,6.74
2023,7,CHI,LV,86,6,1.64,7.19
2023,7,LV,CHI,77,5,2.79,6.52
2023,7,JAX,NO,75,2,1.91,5.85
2023,7,NO,JAX,105,13,2.56,6.00
2023,7,BAL,DET,70,15,2.37,6.83
2023,7,DET,BAL,86,15,3.01,6.04
2023,7,CLE,IND,95,17,1.96,5.95
2023,7,IND,CLE,94,16,1.56,6.39
2023,7,NE,BUF,75,6,2.23,6.30
2023,7,BUF,NE,86,20,2.51,6.00
2023,7,NYG,WAS,81,9,2.16,6.08
2023,7,WAS,NYG,90,15,2.70,6.26
2023,7,TB,ATL,87,16,2.45,5.44
2023,7,ATL,TB,78,7,1.54,6.09
2023,7,PIT,LA,72,9,1.75,5.76
2023,7,LA,PIT,83,8,1.95,5.53
2023,7,ARI,SEA,82,16,2.21,6.01
2023,7,SEA,ARI,70,7,1.73,6.52
2023,7,DEN,GB,73,11,2.01,6.85
2023,7,GB,DEN,81,9,1.93,6.53
2023,7,LAC,KC,79,11,2.01,5.95
2023,7,KC,LAC,81,11,2.63,5.76
2023,7,PHI,MIA,82,9,2.07,6.71
2023,7,MIA,PHI,65,8,2.34,6.43
2023,7,MIN,SF,85,12,2.36,6.93
2023,7,SF,MIN,66,7,2.24,6.71
2023,8,TB,BUF,87,13,2.39,5.72
2023,8,BUF,TB,84,6,2.14,6.12
2023,8,DAL,LA,81,7,2.33,6.53
2023,8,LA,DAL,78,7,2.14,6.87
2023,8,GB,MIN,85,16,2.78,5.90
2023,8,MIN,GB,83,18,2.22,6.24
2023,8,NE,MIA,68,9,2.00,5.92
2023,8,MIA,NE,91,11,2.43,5.92
2023,8,IND,NO,92,12,2.16,5.93
2023,8,NO,IND,86,4,1.55,6.54
2023,8,HOU,CAR,70,7,1.79,6.60
2023,8,CAR,HOU,81,19,2.41,6.47
2023,8,NYJ,NYG,83,18,2.36,5.25
2023,8,NYG,NYJ,98,14,1.09,5.64
2023,8,WAS,PHI,88,13,2.80,6.25
2023,8,PHI,WAS,79,14,2.49,6.59
2023,8,TEN,ATL,88,14,1.72,6.57
2023,8,ATL,TEN,85,16,2.21,5.92
2023,8,PIT,JAX,83,14,2.48,5.08
2023,8,JAX,PIT,84,12,2.04,5.70
2023,8,CLE,SEA,91,20,1.88,5.95
2023,8,SEA,CLE,73,13,2.37,6.25
2023,8,ARI,BAL,90,14,2.07,6.48
2023,8,BAL,ARI,82,9,1.89,6.27
2023,8,KC,DEN,71,17,2.79,6.18
2023,8,DEN,KC,84,12,1.74,6.93
2023,8,SF,CIN,71,18,2.30,5.64
2023,8,CIN,SF,77,10,2.12,5.66
2023,8,CHI,LAC,78,11,2.14,6.36
2023,8,LAC,CHI,81,13,2.43,6.14
2023,8,DET,LV,98,12,1.72,6.40
2023,8,LV,DET,61,15,2.21,6.39
2023,9,KC,MIA,73,15,2.18,6.07
2023,9,MIA,KC,78,13,2.28,6.14
2023,9,PIT,TEN,78,6,1.69,6.22
2023,9,TEN,PIT,87,14,2.20,5.96
2023,9,SEA,BAL,67,17,2.24,5.94
2023,9,BAL,SEA,90,8,1.69,6.05
2023,9,ATL,MIN,90,7,1.97,6.96
2023,9,MIN,ATL,91,13,2.21,6.72
2023,9,LA,GB,73,8,2.03,6.02
2023,9,GB,LA,85,6,1.44,6.22
2023,9,ARI,CLE,67,14,2.10,6.33
2023,9,CLE,ARI,87,7,1.62,6.22
2023,9,WAS,NE,93,14,2.37,5.39
2023,9,NE,WAS,78,6,2.53,5.79
2023,9,CHI,NO,80,13,2.00,6.31
2023,9,NO,CHI,77,7,1.94,6.19
2023,9,HOU,TB,87,15,2.61,5.82
2023,9,TB,HOU,86,11,1.79,5.39
2023,9,LAC,NYJ,75,18,2.07,6.00
2023,9,NYJ,LAC,96,20,2.56,5.93
2023,9,CIN,BUF,84,13,2.58,6.30
2023,9,BUF,CIN,68,10,2.79,6.34
2023,9,DAL,PHI,88,15,2.63,6.51
2023,9,PHI,DAL,80,6,1.82,6.89
2023,9,CAR,IND,88,15,2.24,6.15
2023,9,IND,CAR,79,8,1.87,6.54
2023,9,NYG,LV,76,17,2.37,6.40
2023,9,LV,NYG,75,4,1.44,6.78
2024,1,TEN,CHI,82,17,2.01,5.51
2024,1,CHI,TEN,73,13,1.99,5.65
2024,1,BAL,KC,94,15,2.48,5.75
2024,1,KC,BAL,69,12,1.90,5.94
2024,1,ATL,PIT,68,9,1.97,6.20
2024,1,PIT,ATL,83,6,1.54,6.49
2024,1,ARI,BUF,74,9,2.24,6.30
2024,1,BUF,ARI,80,7,1.71,6.18
2024,1,CIN,NE,61,9,2.70,6.10
2024,1,NE,CIN,79,11,1.53,6.46
2024,1,NYG,MIN,87,19,2.36,5.96
2024,1,MIN,NYG,67,7,1.60,5.96
2024,1,IND,HOU,59,7,1.76,5.98
2024,1,HOU,IND,94,12,1.78,5.83
2024,1,GB,PHI,85,12,2.12,5.88
2024,1,PHI,GB,93,17,1.86,6.19
2024,1,NO,CAR,80,6,1.51,5.82
2024,1,CAR,NO,77,16,2.43,5.86
2024,1,MIA,JAX,85,14,2.14,6.03
2024,1,JAX,MIA,70,9,1.60,5.81
2024,1,LAC,LV,75,5,1.73,6.20
2024,1,LV,LAC,74,10,2.36,5.95
2024,1,SEA,DEN,84,12,1.99,6.11
2024,1,DEN,SEA,92,14,2.26,6.23
2024,1,DAL,CLE,83,17,1.76,5.81
2024,1,CLE,DAL,97,27,2.66,5.75
2024,1,TB,WAS,79,15,2.03,6.03
2024,1,WAS,TB,74,12,2.19,6.07
2024,1,LA,DET,92,20,2.46,6.56
2024,1,DET,LA,77,7,1.68,6.23
2024,1,NYJ,SF,64,9,2.08,6.22
2024,1,SF,NYJ,86,10,1.65,6.39
2024,10,CAR,NYG,78,12,1.63,6.03
2024,10,NYG,CAR,92,11,1.90,5.97
2024,10,CIN,BAL,95,29,2.88,6.28
2024,10,BAL,CIN,80,13,2.01,6.10
2024,10,NE,CHI,78,9,1.74,6.42
2024,10,CHI,NE,78,15,2.36,5.92
2024,10,BUF,IND,90,13,2.06,5.42
2024,10,IND,BUF,79,11,2.24,5.02
2024,10,JAX,MIN,55,10,2.16,6.25
2024,10,MIN,JAX,95,14,1.83,6.10
2024,10,DEN,KC,73,11,2.10,6.11
2024,10,KC,DEN,80,22,2.85,6.09
2024,10,ATL,NO,94,11,1.91,6.05
2024,10,NO,ATL,68,8,1.78,6.56
2024,10,SF,TB,79,27,2.51,6.79
2024,10,TB,SF,77,12,1.88,6.56
2024,10,PIT,WAS,95,13,1.67,6.36
2024,10,WAS,PIT,80,16,2.48,6.17
2024,10,LAC,TEN,71,9,1.38,6.23
2024,10,TEN,LAC,73,12,1.93,5.78
2024,10,ARI,NYJ,69,2,1.77,6.22
2024,10,NYJ,ARI,67,7,2.64,5.62
2024,10,DAL,PHI,75,12,1.87,5.98
2024,10,PHI,DAL,83,14,1.77,6.31
2024,10,DET,HOU,80,14,1.70,6.15
2024,10,HOU,DET,85,13,2.04,6.47
2024,10,MIA,LA,66,9,1.89,6.35
2024,10,LA,MIA,86,18,2.33,6.12
2024,11,GB,CHI,55,11,1.73,6.09
2024,11,CHI,GB,84,12,2.23,6.10
2024,11,PHI,WAS,85,10,1.80,6.34
2024,11,WAS,PHI,80,19,2.14,6.03
2024,11,JAX,DET,67,3,2.22,6.21
2024,11,DET,JAX,89,3,1.76,6.38
2024,11,NE,LA,93,19,2.26,6.04
2024,11,LA,NE,68,9,1.97,6.43
2024,11,TEN,MIN,73,22,2.34,6.37
2024,11,MIN,TEN,86,18,2.02,6.61
2024,11,CLE,NO,90,13,2.46,6.00
2024,11,NO,CLE,72,10,1.83,6.91
2024,11,MIA,LV,80,8,2.20,5.15
2024,11,LV,MIA,78,16,2.63,4.97
2024,11,BAL,PIT,78,18,2.38,6.38
2024,11,PIT,BAL,96,13,1.85,6.23
2024,11,NYJ,IND,70,9,1.99,6.08
2024,11,IND,NYJ,85,10,1.69,6.19
2024,11,SF,SEA,76,8,2.13,5.71
2024,11,SEA,SF,73,7,2.16,5.62
2024,11,DEN,ATL,75,7,2.00,6.21
2024,11,ATL,DEN,75,12,2.04,5.90
2024,11,KC,BUF,68,20,2.34,6.31
2024,11,BUF,KC,86,17,2.47,6.17
2024,11,HOU,DAL,80,15,2.11,6.65
2024,11,DAL,HOU,98,21,2.80,6.31
2024,11,CIN,LAC,101,24,2.51,5.52
2024,11,LAC,CIN,86,12,2.28,6.17
2024,12,CHI,MIN,95,7,2.55,5.88
2024,12,MIN,CHI,86,9,2.12,6.23
2024,12,PIT,CLE,83,18,1.82,6.74
2024,12,CLE,PIT,73,14,2.00,6.90
2024,12,KC,CAR,89,17,2.54,5.85
2024,12,CAR,KC,80,14,2.46,6.03
2024,12,HOU,TEN,76,17,2.30,4.61
2024,12,TEN,HOU,88,14,1.68,5.09
2024,12,IND,DET,69,12,2.33,6.28
2024,12,DET,IND,86,16,1.92,6.27
2024,12,ARI,SEA,71,11,2.56,5.78
2024,12,SEA,ARI,76,8,2.08,5.61
2024,12,LA,PHI,79,17,2.48,6.27
2024,12,PHI,LA,86,11,1.50,6.19
2024,12,TB,NYG,75,8,2.03,6.32
2024,12,NYG,TB,71,21,2.75,6.09
2024,12,DAL,WAS,88,10,1.85,6.50
2024,12,WAS,DAL,89,17,2.17,6.28
2024,12,LV,DEN,96,21,2.80,6.12
2024,12,DEN,LV,85,9,2.48,6.09
2024,12,NE,MIA,87,20,2.47,5.82
2024,12,MIA,NE,83,6,2.16,6.14
2024,12,GB,SF,86,8,1.36,6.52
2024,12,SF,GB,65,11,2.05,6.33
2024,12,LAC,BAL,86,18,2.48,5.93
2024,12,BAL,LAC,77,8,1.52,6.43
2024,13,DAL,NYG,91,11,2.03,5.93
2024,13,NYG,DAL,83,24,2.36,5.86
2024,13,DET,CHI,83,14,1.93,6.69
2024,13,CHI,DET,79,15,2.95,6.23
2024,13,ATL,LAC,92,11,1.89,5.09
2024,13,LAC,ATL,60,11,2.22,5.32
2024,13,CIN,PIT,82,14,2.65,6.15
2024,13,PIT,CIN,89,12,2.04,6.33
2024,13,GB,MIA,70,7,1.86,6.59
2024,13,MIA,GB,87,18,2.57,6.13
2024,13,KC,LV,89,24,2.71,5.61
2024,13,LV,KC,85,14,2.18,6.01
2024,13,SEA,NYJ,77,15,2.21,6.23
2024,13,NYJ,SEA,82,13,2.18,5.99
2024,13,JAX,HOU,85,9,2.38,6.16
2024,13,HOU,JAX,78,9,2.22,6.22
2024,13,ARI,MIN,101,18,2.50,6.27
2024,13,MIN,ARI,67,20,2.72,6.33
2024,13,TEN,WAS,72,13,2.60,5.65
2024,13,WAS,TEN,98,4,1.91,5.98
2024,13,NE,IND,84,12,2.19,5.90
2024,13,IND,NE,73,9,1.74,6.34
2024,13,CAR,TB,89,19,2.78,6.36
2024,13,TB,CAR,102,10,1.76,6.16
2024,13,NO,LA,81,10,2.05,5.93
2024,13,LA,NO,67,8,1.72,6.39
2024,13,BUF,SF,71,3,1.21,7.11
2024,13,SF,BUF,63,10,1.40,6.30
2024,13,PHI,BAL,75,6,1.24,6.67
2024,13,BAL,PHI,89,19,2.09,5.93
2024,13,DEN,CLE,85,16,2.12,6.95
2024,13,CLE,DEN,107,23,2.55,6.45
2024,14,MIA,NYJ,89,8,2.46,5.82
2024,14,NYJ,MIA,87,16,2.21,5.87
2024,14,ATL,MIN,90,8,2.03,6.23
2024,14,MIN,ATL,79,11,1.86,6.42
2024,14,NO,NYG,85,9,1.89,6.28
2024,14,NYG,NO,97,25,2.47,5.71
2024,14,DET,GB,94,11,2.11,6.69
2024,14,GB,DET,67,12,1.93,6.73
2024,14,CAR,PHI,83,15,2.22,6.06
2024,14,PHI,CAR,72,10,1.85,6.19
2024,14,PIT,CLE,81,12,1.67,6.40
2024,14,CLE,PIT,90,9,2.27,5.68
2024,14,TB,LV,75,13,2.25,6.39
2024,14,LV,TB,79,15,2.42,6.21
2024,14,ARI,SEA,86,16,2.31,5.84
2024,14,SEA,ARI,82,8,1.61,5.76
2024,14,TEN,JAX,74,9,1.96,6.50
2024,14,JAX,TEN,70,9,2.13,6.50
2024,14,LA,BUF,94,10,1.59,6.01
2024,14,BUF,LA,79,16,2.37,6.02
2024,14,KC,LAC,84,19,2.27,5.88
2024,14,LAC,KC,74,15,2.23,5.98
2024,14,SF,CHI,75,5,1.63,6.07
2024,14,CHI,SF,67,9,2.06,5.92
2024,14,CIN,DAL,87,19,2.67,6.10
2024,14,DAL,CIN,75,11,2.17,6.17
2024,15,SF,LA,69,8,2.06,6.19
2024,15,LA,SF,79,10,1.54,6.46
2024,15,KC,CLE,92,19,1.96,6.33
2024,15,CLE,KC,73,17,2.70,5.89
2024,15,MIA,HOU,81,14,2.43,5.66
2024,15,HOU,MIA,65,9,2.03,5.92
2024,15,JAX,NYJ,97,17,2.55,5.38
2024,15,NYJ,JAX,74,15,2.28,5.09
2024,15,DAL,CAR,87,4,1.49,5.64
2024,15,CAR,DAL,75,16,2.37,5.53
2024,15,NO,WAS,68,12,2.49,5.93
2024,15,WAS,NO,92,11,2.21,5.95
2024,15,BAL,NYG,72,7,1.83,6.26
2024,15,NYG,BAL,82,15,2.45,6.39
2024,15,CIN,TEN,89,13,1.90,6.25
2024,15,TEN,CIN,84,12,2.23,6.28
2024,15,NE,ARI,64,6,1.98,5.82
2024,15,ARI,NE,82,6,2.12,6.20
2024,15,IND,DEN,90,23,2.14,6.17
2024,15,DEN,IND,81,5,2.09,6.23
2024,15,DET,BUF,98,13,2.78,5.61
2024,15,BUF,DET,89,9,1.89,5.96
2024,15,TB,LAC,84,9,1.77,5.99
2024,15,LAC,TB,68,15,2.76,6.44
2024,15,PIT,PHI,57,6,1.91,6.23
2024,15,PHI,PIT,93,12,1.91,6.52
2024,15,GB,SEA,80,12,1.71,6.63
2024,15,SEA,GB,74,20,2.36,6.22
2024,15,CHI,MIN,84,17,2.06,5.18
2024,15,MIN,CHI,94,17,2.15,5.10
2024,15,LV,ATL,82,15,2.12,5.73
2024,15,ATL,LV,78,9,1.29,6.29
2024,16,HOU,KC,73,15,2.64,5.86
2024,16,KC,HOU,86,16,2.55,5.79
2024,16,BAL,PIT,77,7,1.61,6.49
2024,16,PIT,BAL,76,15,2.03,6.31
2024,16,LAC,DEN,79,15,2.22,6.60
2024,16,DEN,LAC,82,14,2.37,6.19
2024,16,ATL,NYG,79,7,1.65,6.11
2024,16,NYG,ATL,77,13,2.39,5.78
2024,16,TEN,IND,76,8,2.04,6.10
2024,16,IND,TEN,82,4,0.74,6.55
2024,16,ARI,CAR,89,17,2.13,4.86
2024,16,CAR,ARI,88,16,1.72,5.72
2024,16,LA,NYJ,61,7,1.41,6.57
2024,16,NYJ,LA,79,12,2.48,6.17
2024,16,CHI,DET,82,17,2.65,6.21
2024,16,DET,CHI,80,3,1.75,6.23
2024,16,WAS,PHI,82,11,2.43,5.39
2024,16,PHI,WAS,93,11,2.02,6.03
2024,16,CLE,CIN,75,19,2.47,5.88
2024,16,CIN,CLE,70,13,2.30,6.27
2024,16,JAX,LV,81,9,2.30,6.22
2024,16,LV,JAX,89,16,2.20,5.86
2024,16,MIN,SEA,83,12,2.10,5.89
2024,16,SEA,MIN,85,9,2.44,5.86
2024,16,NE,BUF,90,23,2.37,6.30
2024,16,BUF,NE,73,13,1.99,6.12
2024,16,SF,MIA,83,19,2.36,6.61
2024,16,MIA,SF,80,5,1.81,6.76
2024,16,DAL,TB,78,9,2.14,5.47
2024,16,TB,DAL,86,19,2.65,5.75
2024,16,GB,NO,82,7,1.63,6.46
2024,16,NO,GB,70,15,2.26,5.76
2024,17,BAL,HOU,74,9,1.31,6.41
2024,17,HOU,BAL,70,15,2.39,6.11
2024,17,SEA,CHI,63,12,1.89,6.08
2024,17,CHI,SEA,73,21,2.38,5.70
2024,17,PIT,KC,91,19,2.18,6.00
2024,17,KC,PIT,75,14,2.43,6.30
2024,17,LAC,NE,92,9,2.03,6.47
2024,17,NE,LAC,67,12,2.46,6.04
2024,17,BUF,NYJ,84,14,1.98,6.50
2024,17,NYJ,BUF,75,17,2.39,6.06
2024,17,DEN,CIN,74,14,2.12,5.35
2024,17,CIN,DEN,104,28,2.79,5.22
2024,17,IND,NYG,92,11,1.99,6.47
2024,17,NYG,IND,76,6,1.47,6.31
2024,17,LA,ARI,71,5,2.08,6.04
2024,17,ARI,LA,91,12,2.78,6.05
2024,17,JAX,TEN,70,5,1.59,6.28
2024,17,TEN,JAX,82,10,2.09,5.61
2024,17,LV,NO,89,5,1.76,6.01
2024,17,NO,LV,78,10,2.50,5.68
2024,17,TB,CAR,90,7,1.77,5.91
2024,17,CAR,TB,66,19,2.38,5.70
2024,17,DAL,PHI,75,10,1.81,5.77
2024,17,PHI,DAL,81,9,1.22,6.17
2024,17,GB,MIN,76,12,2.22,5.60
2024,17,MIN,GB,90,11,2.14,6.00
2024,17,ATL,WAS,80,9,2.33,6.14
2024,17,WAS,ATL,98,15,2.13,5.90
2024,17,MIA,CLE,75,13,2.21,6.36
2024,17,CLE,MIA,90,12,2.41,6.11
2024,17,SF,DET,81,17,2.62,6.75
2024,17,DET,SF,83,11,1.90,6.44
2024,18,ATL,CAR,94,13,1.88,5.73
2024,18,CAR,ATL,84,7,1.95,6.09
2024,18,CLE,BAL,74,10,2.36,6.09
2024,18,BAL,CLE,85,18,2.07,6.64
2024,18,CIN,PIT,88,13,2.53,5.90
2024,18,PIT,CIN,75,9,2.21,5.92
2024,18,WAS,DAL,73,13,2.44,5.86
2024,18,DAL,WAS,98,11,1.81,6.14
2024,18,GB,CHI,77,14,1.77,5.48
2024,18,CHI,GB,80,18,1.88,5.41
2024,18,IND,JAX,98,7,1.86,5.95
2024,18,JAX,IND,88,7,1.75,6.18
2024,18,NE,BUF,79,14,1.96,6.10
2024,18,BUF,NE,81,5,1.73,6.00
2024,18,NYG,PHI,68,9,1.79,6.30
2024,18,PHI,NYG,82,16,2.37,6.70
2024,18,HOU,TEN,76,8,1.87,6.24
2024,18,TEN,HOU,75,8,1.88,6.26
2024,18,SF,ARI,93,7,2.18,5.81
2024,18,ARI,SF,84,7,1.98,5.98
2024,18,DEN,KC,85,9,1.64,6.52
2024,18,KC,DEN,49,12,1.96,5.94
2024,18,NO,TB,82,17,2.65,6.45
2024,18,TB,NO,84,11,2.07,5.89
2024,18,LA,SEA,80,14,2.44,5.92
2024,18,SEA,LA,71,10,1.83,5.94
2024,18,LV,LAC,66,10,2.42,6.06
2024,18,LAC,LV,92,13,1.89,6.18
2024,18,MIA,NYJ,86,24,2.42,6.30
2024,18,NYJ,MIA,78,16,2.35,6.09
2024,18,DET,MIN,82,12,2.05,6.24
2024,18,MIN,DET,80,22,2.92,6.14
2024,19,LAC,HOU,71,17,2.35,6.84
2024,19,HOU,LAC,88,19,2.00,6.18
2024,19,GB,PHI,77,9,2.09,5.58
2024,19,PHI,GB,75,9,1.53,6.25
2024,19,PIT,BAL,60,10,2.48,5.82
2024,19,BAL,PIT,88,5,1.34,6.74
2024,19,DEN,BUF,57,10,2.04,5.67
2024,19,BUF,DEN,87,14,1.75,6.38
2024,19,TB,WAS,60,9,1.82,6.15
2024,19,WAS,TB,84,19,2.25,6.30
2024,19,LA,MIN,69,12,2.25,5.96
2024,19,MIN,LA,85,18,2.58,5.56
2024,2,LAC,CAR,79,4,1.29,6.69
2024,2,CAR,LAC,63,5,2.10,5.83
2024,2,TB,DET,63,7,2.03,6.68
2024,2,DET,TB,98,13,2.46,6.36
2024,2,NO,DAL,72,11,1.17,6.77
2024,2,DAL,NO,85,18,2.35,5.06
2024,2,GB,IND,82,4,1.06,6.67
2024,2,IND,GB,68,12,2.21,5.78
2024,2,LV,BAL,79,14,2.39,5.69
2024,2,BAL,LV,86,12,1.87,5.75
2024,2,MIA,BUF,89,15,2.01,5.83
2024,2,BUF,MIA,58,8,1.48,6.21
2024,2,JAX,CLE,74,22,2.38,6.03
2024,2,CLE,JAX,86,22,2.06,6.11
2024,2,SF,MIN,83,14,2.30,6.23
2024,2,MIN,SF,68,10,1.81,6.24
2024,2,NE,SEA,84,17,1.67,6.54
2024,2,SEA,NE,87,18,2.60,5.71
2024,2,TEN,NYJ,80,12,1.93,6.23
2024,2,NYJ,TEN,72,6,1.97,6.07
2024,2,WAS,NYG,88,10,2.00,5.91
2024,2,NYG,WAS,67,8,2.27,6.25
2024,2,LA,ARI,66,10,2.03,6.06
2024,2,ARI,LA,78,6,1.47,6.32
2024,2,DEN,PIT,74,21,2.50,5.48
2024,2,PIT,DEN,82,13,1.90,6.03
2024,2,CIN,KC,79,14,2.44,6.27
2024,2,KC,CIN,78,10,1.96,6.15
2024,2,HOU,CHI,80,18,2.13,5.97
2024,2,CHI,HOU,90,26,2.54,5.66
2024,2,PHI,ATL,84,7,2.01,6.47
2024,2,ATL,PHI,72,7,2.00,6.39
2024,20,KC,HOU,64,16,2.27,6.29
2024,20,HOU,KC,84,20,2.35,6.21
2024,20,DET,WAS,85,15,2.12,5.47
2024,20,WAS,DET,92,9,1.95,6.38
2024,20,PHI,LA,80,11,1.71,6.45
2024,20,LA,PHI,89,16,2.45,6.23
2024,20,BAL,BUF,69,6,2.00,6.21
2024,20,BUF,BAL,76,3,1.41,6.27
2024,21,WAS,PHI,94,20,2.53,5.59
2024,21,PHI,WAS,92,11,1.68,6.45
2024,21,BUF,KC,85,19,2.01,6.48
2024,21,KC,BUF,79,15,2.04,6.48
2024,22,PHI,KC,91,11,1.59,6.04
2024,22,KC,PHI,71,18,2.73,5.61
2024,3,NYJ,NE,84,13,2.25,6.25
2024,3,NE,NYJ,63,17,2.73,5.69
2024,3,NYG,CLE,89,19,2.08,6.16
2024,3,CLE,NYG,81,21,2.95,6.03
2024,3,HOU,MIN,85,27,2.96,5.35
2024,3,MIN,HOU,78,15,1.82,5.66
2024,3,NO,PHI,67,10,1.75,6.69
2024,3,PHI,NO,82,13,2.38,6.45
2024,3,CHI,IND,103,10,2.45,6.11
2024,3,IND,CHI,71,4,1.35,6.42
2024,3,LAC,PIT,62,10,1.82,6.26
2024,3,PIT,LAC,79,11,1.97,6.06
2024,3,SEA,MIA,79,14,2.03,6.05
2024,3,MIA,SEA,77,17,2.22,6.11
2024,3,DET,ARI,83,2,1.33,5.80
2024,3,ARI,DET,72,5,2.60,6.20
2024,3,DAL,BAL,95,17,2.91,6.10
2024,3,BAL,DAL,81,3,0.98,6.30
2024,3,DEN,TB,79,13,2.58,6.61
2024,3,TB,DEN,70,16,2.63,6.00
2024,3,GB,TEN,80,7,1.52,6.08
2024,3,TEN,GB,67,17,2.87,5.87
2024,3,CAR,LV,90,11,2.29,6.06
2024,3,LV,CAR,80,12,2.58,5.45
2024,3,SF,LA,84,21,2.08,6.25
2024,3,LA,SF,73,13,1.92,6.24
2024,3,ATL,KC,75,16,2.21,6.02
2024,3,KC,ATL,86,10,2.14,6.18
2024,3,BUF,JAX,77,13,2.26,6.08
2024,3,JAX,BUF,87,18,2.48,5.82
2024,3,CIN,WAS,76,7,2.32,6.31
2024,3,WAS,CIN,74,8,1.85,6.21
2024,4,DAL,NYG,71,12,1.89,6.05
2024,4,NYG,DAL,81,9,2.27,6.19
2024,4,CHI,LA,78,13,1.83,5.72
2024,4,LA,CHI,74,14,2.12,5.63
2024,4,ATL,NO,72,5,2.35,5.93
2024,4,NO,ATL,90,10,2.02,6.03
2024,4,CAR,CIN,86,6,2.15,6.24
2024,4,CIN,CAR,82,5,1.94,6.55
2024,4,MIN,GB,87,7,1.78,6.72
2024,4,GB,MIN,92,15,2.77,6.46
2024,4,JAX,HOU,74,6,2.11,6.02
2024,4,HOU,JAX,91,14,2.22,6.12
2024,4,IND,PIT,81,11,1.91,6.05
2024,4,PIT,IND,85,16,2.15,5.90
2024,4,TB,PHI,92,10,2.45,6.07
2024,4,PHI,TB,72,13,2.38,6.30
2024,4,NYJ,DEN,93,20,2.68,6.09
2024,4,DEN,NYJ,76,6,1.68,6.03
2024,4,NE,SF,79,16,2.24,6.13
2024,4,SF,NE,76,7,1.78,6.00
2024,4,KC,LAC,75,11,2.04,6.03
2024,4,LAC,KC,73,14,1.82,6.25
2024,4,ARI,WAS,72,7,1.65,6.07
2024,4,WAS,ARI,82,4,1.83,5.70
2024,4,TEN,MIA,85,10,1.14,6.23
2024,4,MIA,TEN,74,13,1.70,5.28
2024,4,BUF,BAL,75,12,2.15,6.07
2024,4,BAL,BUF,71,8,1.30,6.60
2024,4,CLE,LV,73,17,2.63,6.10
2024,4,LV,CLE,73,11,1.97,6.37
2024,4,DET,SEA,67,6,1.61,6.44
2024,4,SEA,DET,106,16,3.02,6.11
2024,5,ATL,TB,107,14,2.63,6.25
2024,5,TB,ATL,67,5,2.06,6.48
2024,5,NYJ,MIN,90,14,3.06,5.93
2024,5,MIN,NYJ,90,14,2.08,6.06
2024,5,CAR,CHI,75,11,2.33,6.03
2024,5,CHI,CAR,88,6,1.91,6.30
2024,5,BUF,HOU,80,11,1.95,6.21
2024,5,HOU,BUF,84,18,2.13,6.21
2024,5,BAL,CIN,95,22,2.28,5.61
2024,5,CIN,BAL,89,14,2.06,5.90
2024,5,IND,JAX,91,11,2.30,6.04
2024,5,JAX,IND,75,2,1.92,6.31
2024,5,CLE,WAS,84,18,2.20,5.94
2024,5,WAS,CLE,82,14,2.10,6.36
2024,5,MIA,NE,91,10,1.80,5.99
2024,5,NE,MIA,77,18,2.27,5.92
2024,5,LV,DEN,85,16,2.35,5.79
2024,5,DEN,LV,83,7,1.77,5.77
2024,5,GB,LA,77,3,1.71,5.95
2024,5,LA,GB,89,11,2.34,6.01
2024,5,SF,ARI,77,8,2.34,5.75
2024,5,ARI,SF,72,8,2.06,6.13
2024,5,SEA,NYG,78,11,2.81,5.86
2024,5,NYG,SEA,86,13,2.01,6.28
2024,5,DAL,PIT,92,11,2.11,6.00
2024,5,PIT,DAL,74,14,1.85,6.33
2024,5,NO,KC,68,17,2.49,6.45
2024,5,KC,NO,96,13,1.96,6.63
2024,6,CHI,JAX,78,11,2.09,5.97
2024,6,JAX,CHI,77,14,2.43,6.00
2024,6,SEA,SF,96,19,2.39,6.04
2024,6,SF,SEA,81,13,1.72,6.70
2024,6,BAL,WAS,83,6,1.77,6.50
2024,6,WAS,BAL,76,10,2.43,5.95
2024,6,HOU,NE,82,10,2.16,6.34
2024,6,NE,HOU,86,16,2.29,6.08
2024,6,GB,ARI,89,12,1.84,5.59
2024,6,ARI,GB,75,12,2.13,5.47
2024,6,TB,NO,97,8,1.93,6.18
2024,6,NO,TB,90,16,2.39,6.21
2024,6,IND,TEN,83,13,2.27,5.94
2024,6,TEN,IND,75,9,1.87,5.98
2024,6,PHI,CLE,78,7,1.55,6.57
2024,6,CLE,PHI,75,14,1.99,5.98
2024,6,PIT,LV,82,18,1.85,5.95
2024,6,LV,PIT,76,13,2.50,5.92
2024,6,DEN,LAC,71,18,2.68,5.38
2024,6,LAC,DEN,93,15,2.13,6.45
2024,6,CAR,ATL,84,5,2.15,5.88
2024,6,ATL,CAR,82,3,1.65,6.02
2024,6,DAL,DET,85,20,2.75,6.06
2024,6,DET,DAL,83,11,1.82,6.39
2024,6,CIN,NYG,64,15,2.23,5.90
2024,6,NYG,CIN,90,12,2.28,6.01
2024,6,NYJ,BUF,78,7,2.18,6.19
2024,6,BUF,NYJ,85,12,1.96,6.80
2024,7,DEN,NO,79,13,1.97,6.59
2024,7,NO,DEN,88,25,2.64,6.58
2024,7,NE,JAX,76,11,2.55,5.90
2024,7,JAX,NE,72,3,1.42,6.03
2024,7,SEA,ATL,76,9,0.00,6.12
2024,7,ATL,SEA,90,9,0.00,6.06
2024,7,GB,HOU,73,8,2.86,6.33
2024,7,HOU,GB,79,18,1.73,6.52
2024,7,CIN,CLE,71,9,1.69,6.27
2024,7,CLE,CIN,98,18,2.63,5.87
2024,7,BUF,TEN,70,11,2.14,5.42
2024,7,TEN,BUF,90,17,2.20,5.42
2024,7,IND,MIA,79,12,1.71,6.25
2024,7,MIA,IND,84,9,1.48,5.97
2024,7,DET,MIN,77,9,1.79,5.82
2024,7,MIN,DET,75,14,2.43,6.00
2024,7,CAR,WAS,60,3,1.48,6.10
2024,7,WAS,CAR,84,3,1.60,5.78
2024,7,NYG,PHI,77,16,2.18,5.88
2024,7,PHI,NYG,82,11,1.22,6.75
2024,7,PIT,NYJ,82,17,1.80,6.78
2024,7,NYJ,PIT,75,12,2.36,6.09
2024,7,LV,LA,95,25,2.28,6.10
2024,7,LA,LV,71,7,1.80,6.32
2024,7,ARI,LAC,72,9,0.00,6.07
2024,7,LAC,ARI,77,12,0.00,5.58
2024,7,TB,BAL,99,12,0.28,6.00
2024,7,BAL,TB,74,13,0.18,6.85
2024,7,SF,KC,75,12,2.40,6.21
2024,7,KC,SF,82,14,1.61,6.28
2024,8,BAL,CLE,86,20,2.42,5.80
2024,8,CLE,BAL,85,11,2.36,6.00
2024,8,MIN,LA,64,11,1.89,6.49
2024,8,LA,MIN,89,7,1.90,6.66
2024,8,HOU,IND,89,17,2.01,5.58
2024,8,IND,HOU,84,18,2.04,5.44
2024,8,DET,TEN,64,5,1.64,6.50
2024,8,TEN,DET,94,7,2.15,6.57
2024,8,GB,JAX,89,6,1.49,6.21
2024,8,JAX,GB,76,7,1.88,6.09
2024,8,MIA,ARI,77,7,2.31,5.75
2024,8,ARI,MIA,81,10,2.10,6.11
2024,8,TB,ATL,89,9,2.36,6.34
2024,8,ATL,TB,76,12,1.82,6.37
2024,8,CIN,PHI,70,6,2.41,6.04
2024,8,PHI,CIN,74,2,1.35,6.64
2024,8,NE,NYJ,81,13,2.06,6.24
2024,8,NYJ,NE,77,11,1.86,6.10
2024,8,SEA,BUF,67,10,2.31,5.70
2024,8,BUF,SEA,92,5,1.83,5.95
2024,8,LAC,NO,82,13,2.17,6.29
2024,8,NO,LAC,93,15,2.30,5.89
2024,8,CHI,WAS,80,21,1.93,6.19
2024,8,WAS,CHI,89,20,2.25,6.00
2024,8,PIT,NYG,83,10,1.72,5.90
2024,8,NYG,PIT,91,23,2.31,5.71
2024,8,KC,LV,84,15,2.20,6.59
2024,8,LV,KC,73,17,2.29,6.71
2024,8,DEN,CAR,85,7,2.15,6.33
2024,8,CAR,DEN,77,12,2.52,6.13
2024,8,DAL,SF,79,19,2.27,6.34
2024,8,SF,DAL,84,11,1.85,6.63
2024,9,ATL,DAL,72,8,1.67,5.96
2024,9,DAL,ATL,94,17,2.52,5.76
2024,9,HOU,NYJ,95,26,2.16,6.56
2024,9,NYJ,HOU,71,11,2.37,6.58
2024,9,DEN,BAL,85,10,2.28,6.42
2024,9,BAL,DEN,71,6,1.41,6.66
2024,9,BUF,MIA,79,10,2.54,5.52
2024,9,MIA,BUF,77,6,1.60,5.46
2024,9,LV,CIN,81,18,2.19,6.05
2024,9,CIN,LV,92,15,1.95,6.51
2024,9,TEN,NE,92,13,1.76,6.26
2024,9,NE,TEN,84,17,2.74,5.82
2024,9,NYG,WAS,76,13,1.93,6.55
2024,9,WAS,NYG,74,12,1.65,6.44
2024,9,NO,CAR,94,11,1.76,6.35
2024,9,CAR,NO,71,10,1.94,6.37
2024,9,LAC,CLE,74,14,2.00,6.00
2024,9,CLE,LAC,95,13,2.53,5.67
2024,9,GB,DET,80,15,2.24,6.23
2024,9,DET,GB,70,10,1.51,6.22
2024,9,ARI,CHI,73,10,1.33,6.33
2024,9,CHI,ARI,89,23,2.57,5.92
2024,9,SEA,LA,100,19,2.01,5.89
2024,9,LA,SEA,93,18,2.25,6.40
2024,9,PHI,JAX,94,5,1.54,5.84
2024,9,JAX,PHI,66,6,2.41,5.85
2024,9,IND,MIN,66,17,2.24,6.42
2024,9,MIN,IND,85,17,2.06,6.57
2024,9,KC,TB,99,16,2.09,6.14
2024,9,TB,KC,71,14,2.39,6.07
2025,1,DAL,PHI,72,13,2.21,6.33
2025,1,PHI,DAL,75,16,1.84,6.59
2025,1,TEN,DEN,76,15,2.12,5.84
2025,1,DEN,TEN,91,6,2.24,6.00
2025,1,IND,MIA,83,7,1.96,6.25
2025,1,MIA,IND,56,8,2.79,5.87
2025,1,CIN,CLE,68,11,1.81,6.27
2025,1,CLE,CIN,88,15,2.41,5.93
2025,1,KC,LAC,78,14,2.50,5.62
2025,1,LAC,KC,79,13,2.48,6.13
2025,1,ATL,TB,91,17,2.47,6.33
2025,1,TB,ATL,72,14,2.32,6.46
2025,1,LV,NE,79,9,2.11,6.10
2025,1,NE,LV,90,12,2.61,6.27
2025,1,NYJ,PIT,80,8,1.54,6.83
2025,1,PIT,NYJ,74,8,2.16,6.29
2025,1,JAX,CAR,79,5,1.77,6.38
2025,1,CAR,JAX,76,14,2.39,6.00
2025,1,SEA,SF,65,8,1.74,6.08
2025,1,SF,SEA,89,17,1.93,6.35
2025,1,ARI,NO,81,11,2.16,6.17
2025,1,NO,ARI,93,13,2.27,5.51
2025,1,WAS,NYG,83,14,2.14,5.91
2025,1,NYG,WAS,81,18,2.78,5.93
2025,1,GB,DET,60,6,1.83,6.79
2025,1,DET,GB,81,19,2.22,5.79
2025,1,HOU,LA,76,11,2.12,5.94
2025,1,LA,HOU,73,8,2.04,6.45
2025,1,BUF,BAL,105,14,2.24,5.80
2025,1,BAL,BUF,70,7,1.47,6.16
2025,1,MIN,CHI,73,16,1.78,5.91
2025,1,CHI,MIN,89,18,2.21,5.68
2025,10,LV,DEN,75,14,2.12,6.18
2025,10,DEN,LV,78,13,1.77,6.25
2025,10,IND,ATL,90,13,2.11,6.25
2025,10,ATL,IND,79,14,1.85,6.10
2025,10,CAR,NO,64,8,2.05,6.36
2025,10,NO,CAR,78,10,1.79,6.45
2025,10,CHI,NYG,81,13,2.32,6.09
2025,10,NYG,CHI,86,18,2.44,6.25
2025,10,HOU,JAX,90,15,2.56,6.20
2025,10,JAX,HOU,80,17,2.16,6.18
2025,10,MIA,BUF,65,5,1.38,6.10
2025,10,BUF,MIA,80,11,2.56,5.88
2025,10,BAL,MIN,87,10,2.06,6.81
2025,10,MIN,BAL,85,14,2.49,5.85
2025,10,CLE,NYJ,93,15,2.19,6.05
2025,10,NYJ,CLE,66,9,1.21,6.55
2025,10,SEA,ARI,75,3,0.93,6.77
2025,10,ARI,SEA,92,23,2.61,6.12
2025,10,TB,NE,83,13,2.53,5.90
2025,10,NE,TB,77,23,2.14,6.78
2025,10,LA,SF,83,12,2.01,6.45
2025,10,SF,LA,77,7,2.17,6.27
2025,10,WAS,DET,72,7,1.72,6.43
2025,10,DET,WAS,82,9,1.99,6.33
2025,10,PIT,LAC,66,9,2.11,5.31
2025,10,LAC,PIT,91,18,2.09,6.25
2025,10,GB,PHI,80,15,2.20,5.64
2025,10,PHI,GB,77,7,1.73,6.37
2025,11,NYJ,NE,70,12,2.06,6.58
2025,11,NE,NYJ,79,11,2.16,6.41
2025,11,TB,BUF,89,6,1.64,6.04
2025,11,BUF,TB,72,8,2.21,6.52
2025,11,LAC,JAX,60,12,2.30,6.00
2025,11,JAX,LAC,79,8,1.42,6.41
2025,11,MIN,CHI,70,6,2.07,6.13
2025,11,CHI,MIN,93,11,1.87,6.64
2025,11,MIA,WAS,66,7,1.47,6.27
2025,11,WAS,MIA,81,11,1.96,6.31
2025,11,ATL,CAR,85,5,1.76,6.15
2025,11,CAR,ATL,94,16,2.37,6.52
2025,11,NYG,GB,84,5,1.62,6.30
2025,11,GB,NYG,67,11,2.13,6.42
2025,11,PIT,CIN,80,10,2.02,6.61
2025,11,CIN,PIT,82,10,2.11,6.00
2025,11,SF,ARI,72,12,1.74,6.38
2025,11,ARI,SF,96,10,2.59,6.12
2025,11,HOU,TEN,84,15,2.57,6.43
2025,11,TEN,HOU,77,9,2.57,6.10
2025,11,LA,SEA,67,6,1.87,6.39
2025,11,SEA,LA,96,15,1.95,6.20
2025,11,CLE,BAL,73,13,1.90,6.55
2025,11,BAL,CLE,77,12,1.91,6.83
2025,11,DEN,KC,79,14,2.25,6.05
2025,11,KC,DEN,87,18,2.75,5.70
2025,11,PHI,DET,90,11,1.63,6.72
2025,11,DET,PHI,72,16,2.24,5.95
2025,11,DAL,LV,81,10,1.91,6.39
2025,11,LV,DAL,76,15,2.89,6.24
2025,12,HOU,BUF,77,8,1.90,6.45
2025,12,BUF,HOU,80,16,2.36,6.55
2025,12,NYG,DET,97,20,2.03,6.86
2025,12,DET,NYG,88,10,2.23,6.33
2025,12,CLE,LV,70,14,1.50,6.50
2025,12,LV,CLE,98,25,2.71,6.27
2025,12,NYJ,BAL,72,16,2.08,5.98
2025,12,BAL,NYJ,77,8,1.78,6.38
2025,12,CHI,PIT,80,6,2.11,6.30
2025,12,PIT,CHI,86,7,1.83,6.57
2025,12,IND,KC,70,7,2.19,6.34
2025,12,KC,IND,111,12,2.21,6.13
2025,12,NE,CIN,83,15,2.20,6.43
2025,12,CIN,NE,83,13,1.99,5.90
2025,12,MIN,GB,57,11,1.79,6.02
2025,12,GB,MIN,80,6,1.46,6.16
2025,12,TEN,SEA,89,20,2.67,6.29
2025,12,SEA,TEN,67,7,1.82,6.49
2025,12,ARI,JAX,102,26,2.78,6.13
2025,12,JAX,ARI,76,11,2.11,6.02
2025,12,DAL,PHI,89,12,2.09,6.18
2025,12,PHI,DAL,82,15,2.45,6.41
2025,12,ATL,NO,72,8,1.60,6.26
2025,12,NO,ATL,93,17,2.41,6.22
2025,12,TB,LA,82,17,2.38,5.57
2025,12,LA,TB,67,15,2.39,6.18
2025,12,SF,CAR,79,12,1.75,6.09
2025,12,CAR,SF,58,13,2.83,5.61
2025,13,GB,DET,75,10,2.04,6.73
2025,13,DET,GB,76,8,1.79,6.37
2025,13,DAL,KC,85,23,2.48,6.25
2025,13,KC,DAL,83,20,2.36,5.85
2025,13,CIN,BAL,101,13,2.04,6.55
2025,13,BAL,CIN,76,15,2.28,6.31
2025,13,CHI,PHI,101,13,1.86,6.37
2025,13,PHI,CHI,70,7,2.39,5.77
2025,13,LA,CAR,64,4,2.02,6.33
2025,13,CAR,LA,77,4,1.31,6.43
2025,13,SF,CLE,79,10,1.89,5.88
2025,13,CLE,SF,74,8,1.73,5.79
2025,13,IND,HOU,67,9,2.18,6.13
2025,13,HOU,IND,87,9,2.03,6.23
2025,13,ATL,NYJ,86,16,1.95,6.67
2025,13,NYJ,ATL,87,13,2.17,6.28
2025,13,MIA,NO,73,12,1.63,6.25
2025,13,NO,MIA,89,15,2.35,5.85
2025,13,JAX,TEN,82,10,1.79,6.25
2025,13,TEN,JAX,71,10,2.70,6.17
2025,13,TB,ARI,77,12,2.01,5.83
2025,13,ARI,TB,72,12,2.68,6.20
2025,13,LV,LAC,60,13,2.18,5.96
2025,13,LAC,LV,80,9,1.41,6.29
2025,13,MIN,SEA,65,15,2.29,6.00
2025,13,SEA,MIN,79,11,1.92,6.30
2025,13,BUF,PIT,87,8,1.36,6.70
2025,13,PIT,BUF,54,8,2.00,6.12
2025,13,DEN,WAS,84,11,2.39,6.13
2025,13,WAS,DEN,107,10,2.33,6.22
2025,13,NE,NYG,79,11,2.22,6.35
2025,13,NYG,NE,70,13,2.16,6.27
2025,14,DET,DAL,84,10,1.99,6.48
2025,14,DAL,DET,97,16,2.68,6.43
2025,14,ATL,SEA,78,17,1.82,5.69
2025,14,SEA,ATL,77,10,2.00,6.23
2025,14,MIA,NYJ,84,3,1.29,6.90
2025,14,NYJ,MIA,76,9,2.34,6.15
2025,14,BAL,PIT,94,14,2.02,6.83
2025,14,PIT,BAL,70,8,2.19,6.76
2025,14,TEN,CLE,87,11,1.57,7.11
2025,14,CLE,TEN,90,29,2.34,6.59
2025,14,CHI,GB,83,18,2.06,6.54
2025,14,GB,CHI,67,5,1.78,6.19
2025,14,MIN,WAS,72,9,1.88,6.12
2025,14,WAS,MIN,61,8,2.49,6.14
2025,14,NO,TB,73,11,1.51,6.52
2025,14,TB,NO,87,7,1.89,5.99
2025,14,JAX,IND,82,8,1.85,6.56
2025,14,IND,JAX,84,9,2.33,6.46
2025,14,DEN,LV,83,11,2.25,6.14
2025,14,LV,DEN,62,13,2.71,5.68
2025,14,CIN,BUF,74,14,2.51,6.10
2025,14,BUF,CIN,76,13,2.32,6.62
2025,14,ARI,LA,81,18,2.53,6.00
2025,14,LA,ARI,87,4,1.60,6.06
2025,14,KC,HOU,78,15,2.17,6.41
2025,14,HOU,KC,88,19,1.95,6.41
2025,14,PHI,LAC,88,18,2.23,5.71
2025,14,LAC,PHI,94,20,1.87,5.81
2025,15,TB,ATL,82,17,2.55,6.41
2025,15,ATL,TB,91,12,2.36,6.51
2025,15,KC,LAC,74,12,2.26,5.48
2025,15,LAC,KC,79,12,2.13,6.20
2025,15,NE,BUF,68,7,1.87,6.13
2025,15,BUF,NE,85,6,1.81,6.36
2025,15,JAX,NYJ,77,5,2.19,6.49
2025,15,NYJ,JAX,84,10,2.06,6.59
2025,15,WAS,NYG,78,9,1.64,6.09
2025,15,NYG,WAS,86,13,2.23,5.85
2025,15,PHI,LV,76,2,1.29,6.51
2025,15,LV,PHI,53,9,2.30,5.74
2025,15,BAL,CIN,49,8,1.61,6.79
2025,15,CIN,BAL,87,18,2.18,6.12
2025,15,CHI,CLE,82,15,1.93,6.39
2025,15,CLE,CHI,74,20,2.46,5.84
2025,15,HOU,ARI,81,7,1.77,6.68
2025,15,ARI,HOU,80,8,2.41,6.67
2025,15,DEN,GB,83,13,1.93,6.17
2025,15,GB,DEN,82,18,2.57,5.62
2025,15,DET,LA,81,12,2.19,6.00
2025,15,LA,DET,90,10,2.12,6.67
2025,15,NO,CAR,83,8,2.34,5.99
2025,15,CAR,NO,70,12,1.89,6.11
2025,15,IND,SEA,78,4,1.51,5.95
2025,15,SEA,IND,76,8,2.26,6.32
2025,15,MIN,DAL,70,5,1.70,6.52
2025,15,DAL,MIN,89,19,2.08,6.09
2025,15,TEN,SF,69,9,1.96,5.94
2025,15,SF,TEN,90,12,1.89,6.28
2025,15,MIA,PIT,62,12,2.35,6.10
2025,15,PIT,MIA,79,3,1.72,6.30
2025,16,LA,SEA,112,11,2.06,6.58
2025,16,SEA,LA,85,14,2.13,6.52
2025,16,CAR,TB,69,16,2.38,6.53
2025,16,TB,CAR,82,4,1.73,6.30
2025,16,CLE,BUF,80,16,2.06,6.53
2025,16,BUF,CLE,63,6,1.60,7.04
2025,16,NO,NYJ,91,5,2.55,6.01
2025,16,NYJ,NO,82,10,2.34,6.03
2025,16,DAL,LAC,71,4,2.14,5.64
2025,16,LAC,DAL,77,10,1.95,6.40
2025,16,KC,TEN,66,9,2.06,5.93
2025,16,TEN,KC,88,10,1.77,6.44
2025,16,MIN,NYG,73,13,1.84,6.26
2025,16,NYG,MIN,70,10,1.71,6.43
2025,16,PHI,WAS,85,10,1.95,6.00
2025,16,WAS,PHI,67,7,1.67,5.94
2025,16,GB,CHI,83,11,1.69,6.26
2025,16,CHI,GB,78,18,2.26,5.98
2025,16,CIN,MIA,78,13,1.92,5.85
2025,16,MIA,CIN,75,8,1.75,6.03
2025,16,ARI,ATL,72,10,2.04,6.53
2025,16,ATL,ARI,88,9,1.94,6.68
2025,16,JAX,DEN,88,19,2.28,6.46
2025,16,DEN,JAX,82,14,2.52,6.15
2025,16,DET,PIT,89,17,2.93,6.12
2025,16,PIT,DET,89,8,2.33,6.51
2025,16,LV,HOU,73,7,1.55,5.91
2025,16,HOU,LV,81,9,2.20,5.92
2025,16,BAL,NE,72,7,1.43,6.63
2025,16,NE,BAL,86,23,2.64,6.41
2025,16,IND,SF,78,12,2.18,5.78
2025,16,SF,IND,81,9,1.86,6.41
2025,17,DAL,WAS,109,11,1.91,6.50
2025,17,WAS,DAL,62,8,1.92,6.51
2025,17,MIN,DET,71,14,1.68,6.41
2025,17,DET,MIN,77,14,2.26,6.34
2025,17,DEN,KC,84,11,2.24,6.49
2025,17,KC,DEN,56,12,1.89,6.40
2025,17,CLE,PIT,64,12,1.94,6.10
2025,17,PIT,CLE,80,9,2.09,5.72
2025,17,CIN,ARI,89,8,2.01,5.89
2025,17,ARI,CIN,73,13,2.48,5.81
2025,17,IND,JAX,73,11,2.08,5.93
2025,17,JAX,IND,81,17,2.31,6.03
2025,17,BAL,GB,91,7,1.13,6.95
2025,17,GB,BAL,60,10,2.42,6.33
2025,17,HOU,LAC,78,9,1.62,6.58
2025,17,LAC,HOU,79,18,2.51,6.62
2025,17,CAR,SEA,64,7,2.03,6.10
2025,17,SEA,CAR,79,8,1.84,6.42
2025,17,MIA,TB,73,11,1.52,6.06
2025,17,TB,MIA,80,10,2.85,5.87
2025,17,NE,NYJ,78,9,1.76,6.94
2025,17,NYJ,NE,76,10,2.13,6.53
2025,17,TEN,NO,91,16,2.15,6.26
2025,17,NO,TEN,73,7,1.88,6.19
2025,17,NYG,LV,78,9,1.96,6.13
2025,17,LV,NYG,71,12,2.35,6.19
2025,17,PHI,BUF,67,12,1.97,6.55
2025,17,BUF,PHI,87,17,2.18,6.29
2025,17,SF,CHI,87,6,2.01,6.26
2025,17,CHI,SF,83,10,2.36,6.28
2025,17,ATL,LA,73,10,1.12,6.21
2025,17,LA,ATL,77,8,2.38,5.92
2025,18,ATL,NO,77,11,1.94,6.27
2025,18,NO,ATL,86,11,2.22,6.34
2025,18,BUF,NYJ,80,5,1.69,6.45
2025,18,NYJ,BUF,61,8,1.77,6.45
2025,18,DET,CHI,87,12,2.29,6.22
2025,18,CHI,DET,66,10,2.56,6.56
2025,18,HOU,IND,86,10,1.85,6.40
2025,18,IND,HOU,83,13,1.84,6.28
2025,18,JAX,TEN,75,6,2.24,6.17
2025,18,TEN,JAX,69,5,2.28,6.07
2025,18,CIN,CLE,84,11,2.25,6.19
2025,18,CLE,CIN,66,13,1.88,6.42
2025,18,SEA,SF,79,7,1.76,6.18
2025,18,SF,SEA,51,10,2.73,5.67
2025,18,TB,CAR,81,8,1.58,6.27
2025,18,CAR,TB,64,10,2.44,6.08
2025,18,MIN,GB,76,9,2.03,6.52
2025,18,GB,MIN,66,5,1.30,6.68
2025,18,NYG,DAL,91,18,2.11,6.21
2025,18,DAL,NYG,69,9,1.68,6.19
2025,18,LAC,DEN,88,16,2.65,6.38
2025,18,DEN,LAC,72,14,2.08,6.42
2025,18,NE,MIA,74,8,1.80,6.46
2025,18,MIA,NE,71,15,1.96,6.59
2025,18,ARI,LA,72,16,2.32,6.22
2025,18,LA,ARI,91,11,2.04,6.70
2025,18,KC,LV,81,18,2.15,6.38
2025,18,LV,KC,81,7,1.72,6.43
2025,18,PHI,WAS,76,15,2.62,6.31
2025,18,WAS,PHI,84,10,1.64,6.28
2025,18,BAL,PIT,67,9,1.69,6.34
2025,18,PIT,BAL,90,9,2.37,5.80
2025,19,CAR,LA,83,18,2.47,6.42
2025,19,LA,CAR,94,7,2.12,6.23
2025,19,CHI,GB,89,12,2.55,6.12
2025,19,GB,CHI,90,8,2.34,5.96
2025,19,SF,PHI,71,10,2.21,5.93
2025,19,PHI,SF,88,9,1.90,6.01
2025,19,NE,LAC,73,8,2.27,6.08
2025,19,LAC,NE,75,19,2.72,6.15
2025,19,JAX,BUF,71,11,2.07,6.07
2025,19,BUF,JAX,80,11,2.08,5.97
2025,19,PIT,HOU,72,14,2.18,6.23
2025,19,HOU,PIT,82,9,1.93,6.59
2025,2,GB,WAS,84,15,2.05,6.62
2025,2,WAS,GB,85,21,2.75,6.26
2025,2,CLE,BAL,92,21,2.34,5.93
2025,2,BAL,CLE,75,15,2.13,6.34
2025,2,JAX,CIN,85,9,2.11,6.01
2025,2,CIN,JAX,83,19,2.69,6.30
2025,2,NYG,DAL,88,11,2.20,6.06
2025,2,DAL,NYG,114,23,2.39,5.92
2025,2,DET,CHI,75,6,1.65,6.39
2025,2,CHI,DET,86,12,2.19,6.26
2025,2,SEA,PIT,80,14,2.10,6.69
2025,2,PIT,SEA,75,15,2.28,5.94
2025,2,NO,SF,85,16,2.20,6.04
2025,2,SF,NO,85,7,2.13,6.16
2025,2,NE,MIA,78,8,1.79,6.30
2025,2,MIA,NE,76,7,2.20,5.65
2025,2,NYJ,BUF,64,13,1.92,6.09
2025,2,BUF,NYJ,87,7,1.61,6.41
2025,2,TEN,LA,87,14,2.08,5.95
2025,2,LA,TEN,77,12,2.09,6.63
2025,2,CAR,ARI,99,14,2.71,5.40
2025,2,ARI,CAR,67,6,2.19,5.81
2025,2,PHI,KC,77,9,1.68,6.36
2025,2,KC,PHI,72,15,2.46,5.92
2025,2,IND,DEN,85,13,2.29,6.51
2025,2,DEN,IND,75,7,2.11,6.31
2025,2,ATL,MIN,82,8,1.39,6.08
2025,2,MIN,ATL,63,13,2.10,6.32
2025,2,LV,LAC,80,18,2.71,5.81
2025,2,LAC,LV,70,9,2.13,6.63
2025,2,HOU,TB,60,13,2.43,6.56
2025,2,TB,HOU,96,25,2.36,6.26
2025,20,SEA,SF,67,4,1.27,6.75
2025,20,SF,SEA,71,7,2.14,6.07
2025,20,CHI,LA,91,13,2.07,6.23
2025,20,LA,CHI,95,13,2.18,6.03
2025,20,NE,HOU,82,9,1.71,6.48
2025,20,HOU,NE,91,22,2.74,6.23
2025,20,DEN,BUF,92,14,2.45,6.23
2025,20,BUF,DEN,91,12,2.20,6.69
2025,21,LA,SEA,74,7,2.11,6.12
2025,21,SEA,LA,85,13,2.07,6.55
2025,21,DEN,NE,70,14,2.46,6.28
2025,21,NE,DEN,80,7,1.60,6.56
2025,22,SEA,NE,89,13,2.16,6.85
2025,22,NE,SEA,89,18,2.70,6.20
2025,3,MIA,BUF,74,15,2.11,6.38
2025,3,BUF,MIA,73,5,2.12,6.83
2025,3,HOU,JAX,78,19,2.44,6.02
2025,3,JAX,HOU,87,11,2.22,6.30
2025,3,WAS,LV,75,5,1.45,6.79
2025,3,LV,WAS,82,16,1.85,6.14
2025,3,LAC,DEN,102,18,2.44,5.87
2025,3,DEN,LAC,68,5,0.00,5.81
2025,3,MIN,CIN,81,10,1.47,5.95
2025,3,CIN,MIN,73,17,2.04,6.18
2025,3,NE,PIT,82,10,2.78,6.46
2025,3,PIT,NE,66,5,1.80,6.22
2025,3,LA,PHI,80,7,1.94,6.08
2025,3,PHI,LA,81,9,2.21,6.09
2025,3,NYJ,TB,84,20,2.73,6.55
2025,3,TB,NYJ,93,10,1.76,6.15
2025,3,ATL,CAR,79,8,2.44,5.76
2025,3,CAR,ATL,71,8,1.86,6.30
2025,3,CLE,GB,79,15,2.53,6.35
2025,3,GB,CLE,81,12,1.85,6.50
2025,3,TEN,IND,86,21,2.58,6.21
2025,3,IND,TEN,71,8,1.75,6.41
2025,3,NO,SEA,97,17,2.12,6.07
2025,3,SEA,NO,72,5,1.25,6.16
2025,3,CHI,DAL,72,9,1.82,5.93
2025,3,DAL,CHI,85,17,2.53,6.05
2025,3,ARI,SF,83,9,2.08,6.24
2025,3,SF,ARI,76,13,2.59,6.32
2025,3,NYG,KC,76,17,2.34,6.20
2025,3,KC,NYG,84,14,2.31,6.20
2025,3,DET,BAL,84,11,1.61,6.21
2025,3,BAL,DET,74,18,2.61,6.53
2025,4,ARI,SEA,82,13,2.72,6.07
2025,4,SEA,ARI,81,7,1.77,6.73
2025,4,PIT,MIN,67,7,1.69,6.33
2025,4,MIN,PIT,90,22,2.92,5.69
2025,4,ATL,WAS,83,4,1.49,6.35
2025,4,WAS,ATL,72,12,2.18,6.34
2025,4,LAC,NYG,78,19,2.69,5.97
2025,4,NYG,LAC,90,10,1.59,6.12
2025,4,DET,CLE,77,13,1.65,6.38
2025,4,CLE,DET,86,19,2.12,6.67
2025,4,IND,LA,77,13,2.14,6.18
2025,4,LA,IND,89,14,2.27,6.18
2025,4,TEN,HOU,63,9,2.19,5.90
2025,4,HOU,TEN,80,6,1.82,5.89
2025,4,BUF,NO,75,7,1.73,6.45
2025,4,NO,BUF,79,16,1.96,6.24
2025,4,CAR,NE,87,8,1.99,6.35
2025,4,NE,CAR,63,2,1.57,6.52
2025,4,TB,PHI,88,17,2.18,5.87
2025,4,PHI,TB,76,11,1.84,6.42
2025,4,SF,JAX,77,7,2.34,6.08
2025,4,JAX,SF,88,0,1.65,5.91
2025,4,BAL,KC,69,15,2.55,6.22
2025,4,KC,BAL,86,8,2.07,6.21
2025,4,CHI,LV,84,12,2.26,6.25
2025,4,LV,CHI,66,6,1.55,6.45
2025,4,GB,DAL,103,13,2.08,6.15
2025,4,DAL,GB,89,9,1.98,6.23
2025,4,CIN,DEN,67,17,2.04,5.66
2025,4,DEN,CIN,92,14,2.05,6.01
2025,4,MIA,NYJ,72,7,1.76,6.34
2025,4,NYJ,MIA,79,13,2.10,6.03
2025,5,SF,LA,104,14,2.08,6.20
2025,5,LA,SF,82,11,2.52,5.96
2025,5,NO,NYG,81,4,1.83,6.28
2025,5,NYG,NO,87,8,2.37,6.19
2025,5,NYJ,DAL,98,19,2.65,6.33
2025,5,DAL,NYJ,79,8,1.90,6.68
2025,5,CLE,MIN,87,9,1.78,6.25
2025,5,MIN,CLE,79,15,2.47,6.06
2025,5,DEN,PHI,93,16,2.00,6.23
2025,5,PHI,DEN,79,14,2.67,6.25
2025,5,MIA,CAR,70,11,2.40,5.80
2025,5,CAR,MIA,89,16,1.83,6.16
2025,5,HOU,BAL,82,7,2.09,6.68
2025,5,BAL,HOU,62,6,1.61,6.81
2025,5,IND,LV,74,10,2.18,6.44
2025,5,LV,IND,80,15,2.29,5.96
2025,5,TB,SEA,75,13,2.27,6.02
2025,5,SEA,TB,75,10,2.31,6.30
2025,5,ARI,TEN,86,16,1.90,6.12
2025,5,TEN,ARI,81,10,2.30,5.83
2025,5,DET,CIN,78,7,1.55,5.98
2025,5,CIN,DET,79,13,2.57,5.66
2025,5,LAC,WAS,82,15,2.18,6.00
2025,5,WAS,LAC,73,11,2.07,6.00
2025,5,NE,BUF,76,21,2.32,6.18
2025,5,BUF,NE,81,13,2.09,6.14
2025,5,JAX,KC,72,15,2.31,6.19
2025,5,KC,JAX,80,9,2.40,6.09
2025,6,PHI,NYG,70,6,2.40,6.14
2025,6,NYG,PHI,85,11,1.81,6.35
2025,6,DEN,NYJ,75,14,2.05,5.88
2025,6,NYJ,DEN,74,15,1.76,6.18
2025,6,BAL,LA,88,17,2.00,6.47
2025,6,LA,BAL,63,6,2.10,6.29
2025,6,PIT,CLE,72,7,1.85,6.63
2025,6,CLE,PIT,97,22,3.00,6.12
2025,6,NO,NE,69,16,2.25,6.20
2025,6,NE,NO,80,17,1.91,6.20
2025,6,DAL,CAR,72,9,2.15,6.02
2025,6,CAR,DAL,83,14,1.49,6.16
2025,6,TEN,LV,75,16,2.63,6.53
2025,6,LV,TEN,76,11,1.63,6.47
2025,6,IND,ARI,74,12,1.97,6.05
2025,6,ARI,IND,89,22,2.40,5.96
2025,6,JAX,SEA,93,20,2.35,5.70
2025,6,SEA,JAX,70,4,1.76,6.13
2025,6,MIA,LAC,76,11,2.08,6.22
2025,6,LAC,MIA,83,13,1.99,6.66
2025,6,TB,SF,68,3,1.65,5.92
2025,6,SF,TB,86,8,2.30,6.07
2025,6,GB,CIN,72,9,1.82,6.08
2025,6,CIN,GB,81,12,2.51,6.08
2025,6,DET,KC,67,8,2.03,5.81
2025,6,KC,DET,74,13,2.19,5.92
2025,6,ATL,BUF,86,6,1.86,6.32
2025,6,BUF,ATL,70,16,2.41,6.53
2025,6,CHI,WAS,77,22,2.22,5.94
2025,6,WAS,CHI,78,17,2.29,6.03
2025,7,PIT,CIN,73,4,2.03,6.16
2025,7,CIN,PIT,94,12,2.41,6.08
2025,7,JAX,LA,91,23,2.74,5.60
2025,7,LA,JAX,85,14,2.32,6.29
2025,7,PHI,MIN,67,5,1.87,6.14
2025,7,MIN,PHI,81,10,2.47,5.99
2025,7,NYJ,CAR,74,15,2.61,6.10
2025,7,CAR,NYJ,87,14,1.97,6.78
2025,7,TEN,NE,66,10,2.61,6.15
2025,7,NE,TEN,80,9,1.90,6.37
2025,7,NYG,DEN,96,19,2.10,6.29
2025,7,DEN,NYG,98,19,2.46,5.83
2025,7,IND,LAC,72,11,2.18,6.27
2025,7,LAC,IND,91,24,2.91,6.00
2025,7,CHI,NO,86,11,1.36,6.21
2025,7,NO,CHI,70,12,2.29,6.41
2025,7,CLE,MIA,72,9,1.64,6.52
2025,7,MIA,CLE,75,15,2.11,5.98
2025,7,LV,KC,47,4,2.13,5.97
2025,7,KC,LV,92,7,1.98,5.79
2025,7,ARI,GB,87,15,2.48,5.70
2025,7,GB,ARI,71,3,2.14,5.78
2025,7,DAL,WAS,83,11,1.94,6.25
2025,7,WAS,DAL,89,13,2.09,6.11
2025,7,ATL,SF,76,17,2.64,5.92
2025,7,SF,ATL,77,10,1.60,6.31
2025,7,DET,TB,82,12,2.05,6.81
2025,7,TB,DET,83,14,2.75,6.26
2025,7,SEA,HOU,89,13,1.89,6.46
2025,7,HOU,SEA,94,25,2.88,5.84
2025,8,MIN,LAC,66,15,2.36,6.22
2025,8,LAC,MIN,86,16,1.90,6.67
2025,8,HOU,SF,91,6,2.14,5.87
2025,8,SF,HOU,62,8,2.56,5.88
2025,8,NE,CLE,83,13,1.95,7.11
2025,8,CLE,NE,67,8,2.58,6.39
2025,8,PHI,NYG,76,11,1.75,6.57
2025,8,NYG,PHI,70,13,1.91,6.04
2025,8,MIA,ATL,83,10,1.69,6.10
2025,8,ATL,MIA,65,12,2.09,5.98
2025,8,CHI,BAL,80,7,2.30,6.48
2025,8,BAL,CHI,78,6,1.60,6.89
2025,8,NO,TB,85,21,3.15,5.93
2025,8,TB,NO,71,11,1.77,6.59
2025,8,CAR,BUF,76,15,1.89,6.02
2025,8,BUF,CAR,78,3,1.38,6.13
2025,8,DEN,DAL,77,4,1.95,6.52
2025,8,DAL,DEN,93,14,2.24,6.49
2025,8,CIN,NYJ,76,7,2.04,6.00
2025,8,NYJ,CIN,88,8,1.85,6.20
2025,8,IND,TEN,66,9,2.21,6.21
2025,8,TEN,IND,86,15,2.29,6.36
2025,8,GB,PIT,81,10,2.21,6.22
2025,8,PIT,GB,80,11,2.30,6.00
2025,8,WAS,KC,63,15,2.57,6.21
2025,8,KC,WAS,76,13,2.21,6.12
2025,9,HOU,DEN,92,12,2.21,6.27
2025,9,DEN,HOU,79,10,2.22,6.41
2025,9,ATL,NE,72,5,2.67,5.82
2025,9,NE,ATL,80,10,2.26,5.92
2025,9,MIA,BAL,77,7,2.43,6.05
2025,9,BAL,MIA,69,7,1.77,7.07
2025,9,NO,LA,54,8,1.98,6.00
2025,9,LA,NO,93,6,1.77,6.70
2025,9,NYG,SF,77,4,2.10,5.82
2025,9,SF,NYG,80,4,1.43,6.63
2025,9,PIT,IND,79,4,2.34,6.38
2025,9,IND,PIT,91,12,2.86,6.25
2025,9,CAR,GB,70,7,1.57,6.74
2025,9,GB,CAR,74,10,2.16,5.92
2025,9,CIN,CHI,86,15,2.59,5.88
2025,9,CHI,CIN,101,16,1.93,5.96
2025,9,DET,MIN,84,14,2.30,6.61
2025,9,MIN,DET,78,17,1.83,6.84
2025,9,TEN,LAC,64,12,1.81,6.00
2025,9,LAC,TEN,80,15,2.10,6.55
2025,9,JAX,LV,96,9,1.80,6.22
2025,9,LV,JAX,77,12,2.69,6.38
2025,9,BUF,KC,79,8,1.65,6.25
2025,9,KC,BUF,71,18,2.24,5.82
2025,9,WAS,SEA,79,22,2.11,5.85
2025,9,SEA,WAS,65,7,1.82,6.53
2025,9,DAL,ARI,79,20,2.65,5.91
2025,9,ARI,DAL,80,16,2.20,6.38
