season,week,team,points,pts_allow,sack,int,fum_rec,def_td,safe,blk_kick
2024,1,ARI,6.02,26,2.05,0.67,0.5,0.11,0.01,0.06
2024,1,ATL,7.71,19.25,2.86,0.82,0.61,0.14,0.02,0.07
2024,1,BAL,6.65,24.25,2.32,0.69,0.57,0.11,0.02,0.05
2024,1,BUF,7.52,19.5,2.61,0.87,0.56,0.12,0.02,0.06
2024,1,CAR,6.87,22.5,2.4,0.74,0.55,0.12,0.02,0.06
2024,1,CHI,7.6,19.5,2.72,0.84,0.59,0.13,0.02,0.06
2024,1,CIN,8,16.75,2.8,0.92,0.64,0.14,0.02,0.07
2024,1,CLE,7.2,20,2.46,0.72,0.56,0.17,0.02,0.06
2024,1,DAL,7.29,22,2.49,0.8,0.53,0.16,0.02,0.05
2024,1,DEN,6.7,24.25,2.33,0.74,0.55,0.12,0.02,0.06
2024,1,DET,6.78,24.25,2.46,0.8,0.51,0.1,0.02,0.06
2024,1,GB,6.68,25.5,2.35,0.75,0.52,0.12,0.02,0.06
2024,1,HOU,7.02,22.5,2.5,0.75,0.58,0.12,0.02,0.06
2024,1,IND,6.31,25.5,2.23,0.69,0.51,0.11,0.01,0.06
2024,1,JAX,6.28,26.5,2.32,0.66,0.5,0.11,0.01,0.06
2024,1,KC,7.16,21.75,2.46,0.76,0.54,0.15,0.02,0.05
2024,1,LA,6.91,29.25,2.51,0.73,0.55,0.12,0.01,0.06
2024,1,LAC,6.75,18.75,2.46,0.72,0.54,0.12,0.02,0.06
2024,1,LV,6.81,21.75,2.57,0.71,0.54,0.12,0.02,0.06
2024,1,MIA,7.44,23,2.66,0.8,0.61,0.12,0.02,0.06
2024,1,MIN,7.42,21,2.71,0.75,0.57,0.14,0.02,0.06
2024,1,NE,5.35,24.25,2.17,0.64,0.47,0.11,0.01,0.05
2024,1,NO,7.76,19,2.69,0.87,0.6,0.14,0.02,0.07
2024,1,NYG,7.45,21,2.75,0.72,0.6,0.14,0.02,0.07
2024,1,NYJ,6.37,23.25,2.3,0.72,0.48,0.11,0.01,0.05
2024,1,PHI,6.69,24,2.4,0.73,0.5,0.11,0.02,0.06
2024,1,PIT,6.95,23.25,2.56,0.71,0.49,0.13,0.02,0.05
2024,1,SEA,7.87,17.75,2.86,0.87,0.6,0.14,0.02,0.07
2024,1,SF,7.3,19.75,2.58,0.75,0.6,0.14,0.02,0.05
2024,1,TB,7.77,19.25,2.68,0.87,0.61,0.14,0.02,0.07
2024,1,TEN,6.13,23.5,2.16,0.67,0.5,0.11,0.01,0.06
2024,1,WAS,6.5,22.75,2.28,0.71,0.52,0.12,0.02,0.06
2024,2,ARI,6.31,25.5,2.18,0.71,0.53,0.12,0.06,0.06
2024,2,ATL,6.47,26,2.33,0.76,0.52,0.11,0.06,0.06
2024,2,BAL,8.66,16.5,3.04,0.91,0.65,0.19,0.06,0.06
2024,2,BUF,6.57,25.5,2.34,0.78,0.5,0.1,0.05,0.05
2024,2,CAR,6.56,21.5,2.34,0.72,0.54,0.12,0.06,0.06
2024,2,CHI,6.23,25.5,2.27,0.71,0.49,0.1,0.05,0.05
2024,2,CIN,5.9,27,2.11,0.69,0.47,0.1,0.05,0.05
2024,2,CLE,6.78,22.25,2.39,0.7,0.54,0.15,0.05,0.05
2024,2,DAL,7.63,20.25,2.64,0.85,0.57,0.17,0.06,0.06
2024,2,DEN,6.94,19.5,2.48,0.78,0.59,0.12,0.06,0.06
2024,2,DET,6.61,22,2.39,0.78,0.5,0.11,0.06,0.06
2024,2,GB,6.74,20,2.46,0.79,0.54,0.11,0.06,0.06
2024,2,HOU,7.36,19.5,2.6,0.78,0.62,0.14,0.07,0.06
2024,2,IND,7.48,18.5,2.72,0.84,0.64,0.12,0.06,0.07
2024,2,JAX,7.35,19.25,2.73,0.78,0.59,0.14,0.07,0.06
2024,2,KC,6.89,20.5,2.38,0.74,0.53,0.15,0.05,0.05
2024,2,LA,6.19,23,2.26,0.67,0.49,0.11,0.06,0.06
2024,2,LAC,8.21,17,3,0.88,0.66,0.16,0.08,0.07
2024,2,LV,5.97,25.5,2.29,0.64,0.48,0.1,0.05,0.05
2024,2,MIA,6.65,23,2.43,0.74,0.57,0.1,0.05,0.06
2024,2,MIN,6.19,25.25,2.3,0.64,0.48,0.11,0.05,0.05
2024,2,NE,5.92,21,2.47,0.72,0.53,0.12,0.06,0.06
2024,2,NO,6.6,26.75,2.31,0.75,0.52,0.12,0.06,0.06
2024,2,NYG,6.9,22.25,2.52,0.67,0.56,0.14,0.07,0.06
2024,2,NYJ,7.97,18.5,2.84,0.89,0.6,0.17,0.06,0.06
2024,2,PHI,6.99,20.5,2.56,0.77,0.53,0.12,0.06,0.06
2024,2,PIT,8.2,17,2.89,0.83,0.58,0.2,0.07,0.06
2024,2,SEA,7.46,18,2.74,0.83,0.57,0.14,0.07,0.06
2024,2,SF,7.64,21.25,2.72,0.81,0.58,0.17,0.06,0.06
2024,2,TB,5.85,29.5,2.06,0.66,0.45,0.1,0.05,0.05
2024,2,TEN,6.67,22.75,2.39,0.74,0.56,0.12,0.06,0.06
2024,2,WAS,7.34,20.75,2.6,0.81,0.6,0.14,0.07,0.07
2024,3,ARI,5.82,27.25,2,0.66,0.48,0.11,0.05,0.05
2024,3,ATL,5.66,24.5,2.03,0.66,0.46,0.1,0.05,0.05
2024,3,BAL,6.45,23.5,2.24,0.67,0.48,0.15,0.05,0.05
2024,3,BUF,7.19,21,2.52,0.84,0.55,0.12,0.06,0.06
2024,3,CAR,6.45,22.75,2.23,0.69,0.52,0.14,0.07,0.05
2024,3,CHI,6.62,22.5,2.42,0.75,0.51,0.11,0.06,0.06
2024,3,CIN,7.19,19.25,2.52,0.82,0.56,0.14,0.07,0.06
2024,3,CLE,8.45,16.25,2.94,0.87,0.67,0.2,0.07,0.06
2024,3,DAL,6.16,24,2.14,0.68,0.46,0.14,0.05,0.04
2024,3,DEN,6.26,23.5,2.24,0.7,0.53,0.11,0.06,0.06
2024,3,DET,5.75,24.25,2.09,0.69,0.43,0.1,0.05,0.05
2024,3,GB,7.06,19.5,2.6,0.82,0.57,0.12,0.06,0.06
2024,3,HOU,6.68,21.5,2.42,0.73,0.57,0.11,0.06,0.06
2024,3,IND,6.63,21,2.39,0.73,0.56,0.12,0.06,0.06
2024,3,JAX,5.83,25.5,2.21,0.63,0.46,0.1,0.05,0.05
2024,3,KC,6.93,21.5,2.41,0.75,0.54,0.15,0.05,0.05
2024,3,LA,6.04,25.5,2.26,0.66,0.49,0.1,0.05,0.05
2024,3,LAC,7.4,19,2.7,0.77,0.59,0.16,0.08,0.06
2024,3,LV,7.54,17.5,2.85,0.8,0.6,0.14,0.07,0.07
2024,3,MIA,6.54,21.75,2.42,0.73,0.57,0.1,0.05,0.05
2024,3,MIN,6.08,24,2.29,0.65,0.43,0.11,0.05,0.05
2024,3,NE,5.66,22.5,2.36,0.69,0.51,0.11,0.06,0.06
2024,3,NO,6.62,24.5,2.27,0.75,0.52,0.12,0.06,0.06
2024,3,NYG,6.55,22.25,2.47,0.66,0.54,0.12,0.06,0.06
2024,3,NYJ,7.85,16.5,2.8,0.87,0.59,0.18,0.06,0.06
2024,3,PHI,6.04,25.5,2.2,0.67,0.45,0.1,0.05,0.05
2024,3,PIT,7.5,16.5,2.71,0.79,0.54,0.17,0.06,0.06
2024,3,SEA,7.66,18.25,2.83,0.85,0.6,0.14,0.07,0.06
2024,3,SF,7.48,18.25,2.68,0.8,0.56,0.16,0.05,0.06
2024,3,TB,8.17,17.25,2.98,0.87,0.65,0.14,0.07,0.07
2024,3,TEN,7.04,17,2.5,0.76,0.59,0.14,0.07,0.06
2024,3,WAS,5.62,26.75,2.02,0.63,0.46,0.1,0.05,0.05
2024,4,ARI,7.03,23.5,2.4,0.78,0.57,0.14,0.07,0.07
2024,4,ATL,7.22,20.25,2.59,0.84,0.59,0.13,0.06,0.06
2024,4,BAL,6.59,22,2.31,0.69,0.49,0.15,0.05,0.05
2024,4,BUF,6.56,24.5,2.31,0.77,0.48,0.11,0.05,0.05
2024,4,CAR,6.13,25.75,2.16,0.67,0.5,0.11,0.06,0.06
2024,4,CHI,7.15,19.5,2.62,0.81,0.56,0.12,0.06,0.06
2024,4,CIN,6.93,21.5,2.41,0.78,0.54,0.14,0.07,0.06
2024,4,CLE,7.16,19,2.52,0.75,0.57,0.16,0.05,0.05
2024,4,DAL,7.34,19.75,2.56,0.81,0.54,0.16,0.05,0.05
2024,4,DEN,6.06,23,2.16,0.68,0.51,0.11,0.05,0.05
2024,4,DET,6.68,22.5,2.47,0.79,0.51,0.11,0.06,0.06
2024,4,GB,6.83,20.25,2.48,0.78,0.54,0.12,0.06,0.06
2024,4,HOU,7.32,19.5,2.65,0.79,0.63,0.12,0.06,0.06
2024,4,IND,6.61,21,2.39,0.74,0.56,0.12,0.06,0.06
2024,4,JAX,5.8,25,2.2,0.64,0.46,0.1,0.05,0.05
2024,4,KC,8.19,17,2.82,0.87,0.62,0.19,0.06,0.06
2024,4,LA,6.87,21.5,2.43,0.73,0.55,0.14,0.07,0.06
2024,4,LAC,5.89,24,2.22,0.65,0.48,0.1,0.05,0.05
2024,4,LV,7.26,18.5,2.79,0.78,0.6,0.12,0.06,0.06
2024,4,MIA,7.59,18,2.83,0.85,0.65,0.12,0.06,0.06
2024,4,MIN,6.99,23.25,2.65,0.74,0.49,0.13,0.06,0.06
2024,4,NE,5.43,25,2.27,0.66,0.49,0.11,0.05,0.05
2024,4,NO,6.98,22.25,2.4,0.78,0.54,0.14,0.07,0.06
2024,4,NYG,6.64,24.25,2.47,0.67,0.55,0.12,0.06,0.06
2024,4,NYJ,8.06,16,2.85,0.89,0.6,0.18,0.06,0.06
2024,4,PHI,6.44,21.5,2.38,0.72,0.5,0.1,0.05,0.05
2024,4,PIT,8.1,19,2.87,0.84,0.57,0.19,0.07,0.06
2024,4,SEA,6.12,24.5,2.27,0.7,0.48,0.1,0.05,0.05
2024,4,SF,8.1,15,2.88,0.86,0.62,0.18,0.06,0.06
2024,4,TB,6.23,22.5,2.28,0.67,0.5,0.11,0.05,0.05
2024,4,TEN,7,19,2.47,0.77,0.58,0.14,0.07,0.06
2024,4,WAS,5.67,26,2.01,0.63,0.46,0.11,0.05,0.05
2024,5,ARI,5.43,28.75,1.86,0.61,0.46,0.1,0.05,0.05
2024,5,ATL,6.55,20.75,2.34,0.76,0.53,0.12,0.06,0.06
2024,5,BAL,6.25,24,2.15,0.64,0.46,0.15,0.05,0.05
2024,5,BUF,6.18,23.5,2.17,0.73,0.46,0.1,0.05,0.05
2024,5,CAR,6.22,22,2.17,0.67,0.52,0.12,0.06,0.06
2024,5,CHI,7.37,19,2.63,0.82,0.57,0.14,0.07,0.06
2024,5,CIN,5.41,27,1.93,0.62,0.43,0.1,0.05,0.05
2024,5,CLE,5.95,23.75,2.09,0.61,0.47,0.14,0.05,0.05
2024,5,DAL,6.64,22.75,2.33,0.75,0.5,0.14,0.05,0.05
2024,5,DEN,7.65,16.75,2.72,0.84,0.65,0.14,0.07,0.07
2024,5,GB,6.57,22.25,2.35,0.74,0.51,0.12,0.06,0.06
2024,5,HOU,5.86,22.5,2.12,0.64,0.49,0.1,0.05,0.05
2024,5,IND,6.3,24.25,2.27,0.7,0.52,0.11,0.06,0.06
2024,5,JAX,6.66,21.75,2.48,0.72,0.54,0.12,0.06,0.06
2024,5,KC,7.07,18.75,2.48,0.77,0.55,0.15,0.05,0.05
2024,5,LA,5.79,25.75,2.13,0.62,0.47,0.1,0.05,0.05
2024,5,LV,6.76,19.75,2.53,0.71,0.53,0.14,0.07,0.05
2024,5,MIA,7.23,18.25,2.67,0.81,0.62,0.11,0.06,0.06
2024,5,MIN,7.14,18.75,2.67,0.75,0.49,0.14,0.07,0.06
2024,5,NE,6.54,17.25,2.68,0.78,0.6,0.14,0.07,0.06
2024,5,NO,5.91,23.75,2.06,0.67,0.47,0.1,0.05,0.05
2024,5,NYG,5.69,24.5,2.12,0.57,0.47,0.1,0.05,0.05
2024,5,NYJ,6.4,21.25,2.24,0.7,0.47,0.16,0.05,0.04
2024,5,PIT,7.11,20.25,2.5,0.73,0.5,0.17,0.06,0.06
2024,5,SEA,7.64,18,2.8,0.85,0.58,0.14,0.07,0.07
2024,5,SF,6.97,21.25,2.45,0.73,0.53,0.16,0.05,0.05
2024,5,TB,7.54,22.25,2.71,0.8,0.6,0.14,0.07,0.07
2024,5,WAS,7.02,20.25,2.48,0.76,0.59,0.13,0.07,0.07
2024,6,ARI,5.75,26.25,2,0.64,0.48,0.11,0.05,0.05
2024,6,ATL,6.92,20,2.44,0.8,0.55,0.13,0.06,0.06
2024,6,BAL,6.43,23,2.24,0.68,0.44,0.15,0.05,0.05
2024,6,BUF,6.91,19.25,2.43,0.81,0.58,0.1,0.05,0.06
2024,6,CAR,5.73,26,2.04,0.62,0.47,0.1,0.05,0.05
2024,6,CHI,7.05,21,2.58,0.78,0.56,0.12,0.06,0.06
2024,6,CIN,7.19,22.75,2.51,0.82,0.56,0.14,0.07,0.06
2024,6,CLE,6.03,26,2.13,0.63,0.47,0.14,0.05,0.04
2024,6,DAL,5.92,27.5,2.11,0.63,0.4,0.14,0.05,0.05
2024,6,DEN,7.03,20,2.52,0.79,0.6,0.12,0.06,0.06
2024,6,DET,6.18,25,2.25,0.73,0.47,0.1,0.05,0.06
2024,6,GB,6.69,20.75,2.45,0.78,0.54,0.1,0.05,0.06
2024,6,HOU,7.49,15.25,2.73,0.82,0.63,0.12,0.06,0.06
2024,6,IND,6.8,21,2.46,0.76,0.57,0.12,0.06,0.06
2024,6,JAX,6.41,23.5,2.42,0.69,0.52,0.11,0.06,0.06
2024,6,LAC,7.22,17,2.64,0.84,0.59,0.12,0.06,0.06
2024,6,LV,6.67,19.75,2.57,0.72,0.55,0.11,0.06,0.06
2024,6,NE,5.57,23,2.29,0.71,0.51,0.1,0.05,0.05
2024,6,NO,6.58,22.25,2.33,0.76,0.52,0.11,0.06,0.06
2024,6,NYG,5.89,26.25,2.19,0.59,0.48,0.11,0.05,0.05
2024,6,NYJ,6.55,21.75,2.33,0.73,0.49,0.15,0.05,0.05
2024,6,PHI,7.95,17,2.88,0.88,0.59,0.14,0.07,0.07
2024,6,PIT,7.7,16.75,2.7,0.83,0.59,0.17,0.06,0.06
2024,6,SEA,6.15,25.5,2.3,0.69,0.47,0.1,0.05,0.06
2024,6,SF,7.07,22.5,2.49,0.74,0.54,0.16,0.05,0.05
2024,6,TB,7.14,19,2.54,0.74,0.56,0.14,0.07,0.06
2024,6,TEN,7.42,22,2.58,0.86,0.61,0.14,0.07,0.07
2024,6,WAS,5.46,28.75,1.93,0.59,0.46,0.1,0.05,0.05
2024,7,ARI,6.28,23,2.19,0.71,0.52,0.12,0.06,0.06
2024,7,ATL,6.19,24.25,2.23,0.73,0.5,0.1,0.05,0.06
2024,7,BAL,6.58,23.5,2.3,0.69,0.46,0.15,0.05,0.05
2024,7,BUF,8.06,17,2.8,0.94,0.66,0.13,0.06,0.06
2024,7,CAR,5.38,30.5,1.88,0.59,0.44,0.1,0.05,0.05
2024,7,CIN,7.6,19.25,2.68,0.88,0.61,0.13,0.07,0.07
2024,7,CLE,6.11,23.75,2.17,0.64,0.49,0.14,0.05,0.05
2024,7,DEN,7.36,17.5,2.53,0.8,0.6,0.16,0.08,0.07
2024,7,DET,5.9,26,2.15,0.69,0.46,0.1,0.05,0.05
2024,7,GB,6.28,22.5,2.29,0.72,0.51,0.1,0.05,0.06
2024,7,HOU,6.08,25,2.19,0.67,0.52,0.1,0.05,0.05
2024,7,IND,7.03,20,2.47,0.77,0.58,0.14,0.07,0.06
2024,7,JAX,7.29,18.75,2.73,0.78,0.59,0.13,0.07,0.07
2024,7,KC,6.13,24.25,2.09,0.64,0.47,0.15,0.05,0.05
2024,7,LA,6.75,20,2.45,0.72,0.55,0.12,0.06,0.06
2024,7,LAC,6.58,22.25,2.37,0.76,0.53,0.12,0.06,0.06
2024,7,LV,5.53,25.25,2.13,0.6,0.44,0.09,0.05,0.05
2024,7,MIA,6.7,23.5,2.47,0.74,0.57,0.11,0.05,0.05
2024,7,MIN,6.29,24,2.37,0.66,0.44,0.11,0.06,0.06
2024,7,NE,5.6,24.75,2.23,0.71,0.5,0.12,0.06,0.05
2024,7,NO,7.39,19.5,2.59,0.85,0.58,0.14,0.07,0.06
2024,7,NYG,6.42,23.5,2.39,0.65,0.53,0.12,0.06,0.06
2024,7,NYJ,7.19,17.75,2.54,0.79,0.53,0.17,0.05,0.05
2024,7,PHI,7.13,19.5,2.62,0.79,0.55,0.12,0.06,0.06
2024,7,PIT,6.33,20,2.2,0.68,0.49,0.15,0.05,0.05
2024,7,SEA,5.76,27.25,2.13,0.64,0.43,0.1,0.05,0.05
2024,7,SF,6.25,22.75,2.2,0.66,0.48,0.14,0.05,0.05
2024,7,TB,5.69,27.5,2.04,0.6,0.44,0.1,0.05,0.05
2024,7,TEN,5.67,25.5,2.01,0.68,0.47,0.1,0.05,0.05
2024,7,WAS,7.27,22.25,2.51,0.77,0.58,0.15,0.07,0.07
2024,8,ARI,6.31,25.25,2.18,0.7,0.53,0.12,0.06,0.06
2024,8,ATL,6.52,23.25,2.3,0.75,0.52,0.12,0.06,0.06
2024,8,BAL,7.98,16.5,2.8,0.85,0.55,0.18,0.06,0.06
2024,8,BUF,6.69,22.25,2.33,0.78,0.56,0.1,0.05,0.05
2024,8,CAR,6.25,26.5,2.27,0.7,0.53,0.1,0.05,0.05
2024,8,CHI,6.88,21.25,2.49,0.77,0.53,0.12,0.06,0.06
2024,8,CIN,6.48,22.25,2.33,0.76,0.53,0.1,0.05,0.06
2024,8,CLE,6.08,26,2.15,0.63,0.49,0.14,0.05,0.05
2024,8,DAL,5.98,26.75,2.14,0.64,0.4,0.14,0.05,0.05
2024,8,DEN,8.31,16,2.87,0.91,0.68,0.16,0.08,0.08
2024,8,DET,7.99,17.25,2.88,0.94,0.61,0.14,0.07,0.07
2024,8,GB,7.09,22.75,2.52,0.8,0.55,0.13,0.06,0.06
2024,8,HOU,7.22,20,2.62,0.79,0.61,0.12,0.06,0.06
2024,8,IND,5.64,25,2.03,0.63,0.47,0.1,0.05,0.05
2024,8,JAX,5.83,26.25,2.2,0.62,0.46,0.1,0.05,0.05
2024,8,KC,8.11,16,2.8,0.87,0.62,0.18,0.06,0.06
2024,8,LA,6.07,25.5,2.18,0.66,0.5,0.11,0.05,0.05
2024,8,LAC,8.11,17.25,2.92,0.92,0.66,0.14,0.07,0.07
2024,8,LV,5.7,23.5,2.2,0.61,0.46,0.1,0.05,0.05
2024,8,MIA,6.69,21.25,2.43,0.73,0.57,0.11,0.06,0.06
2024,8,MIN,6.94,22.5,2.62,0.72,0.49,0.13,0.06,0.06
2024,8,NE,5.7,24,2.32,0.74,0.51,0.11,0.05,0.05
2024,8,NO,6.23,24.25,2.21,0.73,0.5,0.1,0.05,0.05
2024,8,NYG,6.7,21.5,2.46,0.66,0.55,0.14,0.07,0.06
2024,8,NYJ,7.44,17,2.64,0.83,0.54,0.17,0.06,0.06
2024,8,PHI,6.16,25.25,2.25,0.68,0.46,0.11,0.05,0.05
2024,8,PIT,8.3,15.5,2.97,0.87,0.62,0.19,0.06,0.06
2024,8,SEA,6.06,25.25,2.26,0.68,0.47,0.1,0.05,0.05
2024,8,SF,7.44,21.25,2.63,0.78,0.56,0.17,0.05,0.06
2024,8,TB,6.05,23.75,2.19,0.64,0.48,0.11,0.05,0.05
2024,8,TEN,5.47,29,1.95,0.65,0.45,0.09,0.05,0.05
2024,8,WAS,6.6,23.75,2.34,0.73,0.54,0.12,0.06,0.06
2024,9,ARI,6.75,21.75,2.34,0.76,0.57,0.13,0.06,0.06
2024,9,ATL,6.37,24.75,2.28,0.74,0.53,0.1,0.05,0.06
2024,9,BAL,7.43,17.75,2.61,0.79,0.51,0.17,0.06,0.06
2024,9,BUF,7.06,21.25,2.47,0.83,0.58,0.1,0.05,0.06
2024,9,CAR,6.28,25.25,2.24,0.69,0.52,0.11,0.06,0.06
2024,9,CHI,6.66,22.75,2.43,0.75,0.52,0.11,0.06,0.06
2024,9,CIN,7.24,19,2.57,0.83,0.57,0.13,0.06,0.06
2024,9,CLE,6.67,21.75,2.32,0.7,0.53,0.15,0.05,0.05
2024,9,DAL,5.8,27.25,2.08,0.62,0.4,0.13,0.05,0.04
2024,9,DEN,5.73,27.75,1.98,0.63,0.48,0.11,0.05,0.05
2024,9,DET,6.62,22,2.44,0.8,0.51,0.1,0.05,0.06
2024,9,GB,5.9,25.5,2.14,0.68,0.47,0.1,0.05,0.05
2024,9,HOU,6.61,22,2.4,0.72,0.56,0.11,0.06,0.06
2024,9,IND,5.85,26.25,2.11,0.65,0.49,0.1,0.05,0.05
2024,9,JAX,5.75,26.75,2.19,0.62,0.46,0.1,0.05,0.05
2024,9,KC,7.49,18,2.59,0.81,0.59,0.16,0.05,0.06
2024,9,LA,6.34,23.75,2.28,0.68,0.51,0.12,0.06,0.06
2024,9,LAC,6.99,20.25,2.54,0.8,0.56,0.12,0.06,0.06
2024,9,LV,5.56,26.5,2.12,0.59,0.44,0.1,0.05,0.05
2024,9,MIA,5.84,27.75,2.12,0.64,0.49,0.1,0.05,0.05
2024,9,MIN,7.19,20.75,2.67,0.74,0.51,0.14,0.07,0.06
2024,9,NE,6.24,20.5,2.53,0.81,0.57,0.12,0.06,0.06
2024,9,NO,7.28,18.25,2.5,0.81,0.55,0.14,0.07,0.07
2024,9,NYG,6.05,23.5,2.27,0.62,0.51,0.1,0.05,0.05
2024,9,NYJ,6.65,20.25,2.37,0.74,0.49,0.15,0.05,0.05
2024,9,PHI,7.52,19.25,2.72,0.83,0.57,0.13,0.06,0.06
2024,9,SEA,6.17,24.75,2.28,0.69,0.47,0.11,0.05,0.05
2024,9,TB,5.76,26.5,2.12,0.61,0.46,0.1,0.05,0.05
2024,9,TEN,7.14,17.5,2.47,0.83,0.58,0.14,0.07,0.06
2024,9,WAS,7.04,20,2.48,0.75,0.59,0.13,0.07,0.07
2024,10,ARI,6.45,22.5,2.22,0.72,0.55,0.12,0.06,0.06
2024,10,ATL,7.21,21.5,2.55,0.83,0.57,0.13,0.07,0.07
2024,10,BAL,6.55,23.5,2.26,0.69,0.45,0.15,0.05,0.05
2024,10,BUF,7.55,21.5,2.6,0.87,0.62,0.12,0.06,0.06
2024,10,CAR,6.05,23.25,2.19,0.67,0.5,0.1,0.05,0.05
2024,10,CHI,7.68,16.5,2.84,0.88,0.6,0.12,0.06,0.06
2024,10,CIN,6.93,29.5,2.44,0.79,0.56,0.12,0.06,0.06
2024,10,DAL,5.62,24.25,2,0.6,0.39,0.14,0.05,0.04
2024,10,DEN,6,24,2.16,0.67,0.51,0.1,0.05,0.06
2024,10,DET,7.04,23,2.6,0.85,0.55,0.1,0.05,0.06
2024,10,HOU,5.8,26,2.1,0.63,0.49,0.1,0.05,0.05
2024,10,IND,5.52,25.5,2.03,0.63,0.46,0.09,0.05,0.05
2024,10,JAX,5.93,25,2.26,0.65,0.49,0.1,0.05,0.05
2024,10,KC,7.39,17.5,2.58,0.8,0.58,0.16,0.05,0.05
2024,10,LA,6.25,23.5,2.25,0.67,0.49,0.12,0.06,0.06
2024,10,LAC,7.77,15.25,2.82,0.89,0.62,0.14,0.07,0.07
2024,10,MIA,5.99,26,2.17,0.65,0.5,0.1,0.05,0.05
2024,10,MIN,7.4,21,2.73,0.76,0.5,0.14,0.07,0.07
2024,10,NE,5.51,21.75,2.26,0.72,0.49,0.1,0.05,0.05
2024,10,NO,5.91,25,2.07,0.67,0.47,0.1,0.05,0.05
2024,10,NYG,7.29,18.25,2.68,0.72,0.59,0.14,0.07,0.07
2024,10,NYJ,6.38,23.5,2.25,0.7,0.47,0.15,0.05,0.05
2024,10,PHI,7.63,17.25,2.78,0.85,0.59,0.12,0.06,0.07
2024,10,PIT,6.43,23.75,2.23,0.68,0.48,0.15,0.05,0.05
2024,10,SF,7.04,22,2.53,0.75,0.53,0.14,0.05,0.06
2024,10,TB,5.85,28.25,2.11,0.63,0.46,0.1,0.05,0.05
2024,10,TEN,5.73,23.75,2.01,0.67,0.46,0.1,0.05,0.05
2024,10,WAS,6.64,22.75,2.35,0.72,0.55,0.12,0.06,0.06
2024,11,ATL,6.65,22.75,2.37,0.77,0.54,0.12,0.06,0.06
2024,11,BAL,6.61,22,2.29,0.7,0.44,0.16,0.05,0.05
2024,11,BUF,6.65,21.25,2.3,0.76,0.54,0.11,0.05,0.05
2024,11,CHI,6.59,23.75,2.45,0.75,0.52,0.11,0.05,0.05
2024,11,CIN,6.15,24,2.17,0.7,0.49,0.11,0.06,0.06
2024,11,CLE,6.98,22.5,2.4,0.72,0.55,0.17,0.06,0.06
2024,11,DAL,5.91,24.5,2.15,0.64,0.41,0.14,0.05,0.04
2024,11,DEN,6.91,21.25,2.41,0.77,0.58,0.13,0.06,0.06
2024,11,DET,7.58,17,2.72,0.89,0.57,0.13,0.07,0.07
2024,11,GB,7.66,17.5,2.72,0.87,0.6,0.14,0.07,0.07
2024,11,HOU,7.58,17.25,2.74,0.83,0.64,0.13,0.06,0.06
2024,11,IND,6.47,23.5,2.34,0.71,0.54,0.12,0.06,0.06
2024,11,JAX,5.25,30.5,1.98,0.57,0.42,0.1,0.05,0.04
2024,11,KC,6.29,23.75,2.15,0.67,0.48,0.15,0.05,0.05
2024,11,LA,7.34,18.75,2.65,0.8,0.6,0.13,0.07,0.07
2024,11,LAC,6.47,23,2.31,0.75,0.51,0.12,0.06,0.06
2024,11,LV,5.64,26,2.17,0.6,0.45,0.1,0.05,0.05
2024,11,MIA,7.45,18.5,2.7,0.82,0.63,0.12,0.06,0.06
2024,11,MIN,7.92,16.5,3.01,0.84,0.56,0.14,0.07,0.07
2024,11,NE,5.5,24.25,2.24,0.71,0.49,0.11,0.05,0.05
2024,11,NO,7.11,21.5,2.47,0.8,0.56,0.13,0.06,0.06
2024,11,NYJ,6.96,20.5,2.47,0.77,0.52,0.16,0.05,0.05
2024,11,PHI,6.74,23,2.48,0.76,0.52,0.1,0.05,0.06
2024,11,PIT,6.51,25.5,2.25,0.68,0.49,0.15,0.05,0.05
2024,11,SEA,5.67,27.5,2.06,0.64,0.43,0.1,0.05,0.05
2024,11,SF,6.85,21.25,2.44,0.72,0.52,0.15,0.05,0.05
2024,11,TEN,6.42,22.5,2.3,0.76,0.54,0.11,0.05,0.05
2024,11,WAS,6.26,26,2.2,0.68,0.51,0.12,0.06,0.06
2024,12,ARI,6.57,23.25,2.25,0.73,0.56,0.12,0.06,0.06
2024,12,BAL,6.16,23.5,2.16,0.65,0.42,0.14,0.05,0.05
2024,12,CAR,5.1,26.25,1.82,0.57,0.43,0.09,0.04,0.04
2024,12,CHI,6.81,21.5,2.52,0.77,0.54,0.11,0.06,0.06
2024,12,CLE,6.25,20,2.21,0.67,0.5,0.14,0.05,0.05
2024,12,DAL,5.8,25,2.1,0.62,0.4,0.14,0.05,0.04
2024,12,DEN,7.29,17.75,2.53,0.8,0.6,0.14,0.07,0.07
2024,12,DET,6.96,21.5,2.49,0.82,0.52,0.12,0.06,0.06
2024,12,GB,7.11,20,2.54,0.81,0.55,0.13,0.06,0.06
2024,12,HOU,7.73,17.5,2.83,0.85,0.65,0.13,0.06,0.06
2024,12,IND,5.01,29,1.82,0.57,0.42,0.08,0.04,0.05
2024,12,KC,8.19,15.25,2.82,0.87,0.62,0.19,0.06,0.06
2024,12,LA,6.06,25.75,2.17,0.67,0.49,0.11,0.05,0.05
2024,12,LAC,5.87,27,2.13,0.67,0.45,0.11,0.05,0.05
2024,12,LV,5.86,23.25,2.26,0.63,0.47,0.1,0.05,0.05
2024,12,MIA,7.4,19,2.68,0.8,0.62,0.13,0.06,0.06
2024,12,MIN,7.43,18,2.85,0.79,0.53,0.13,0.06,0.06
2024,12,NE,5.01,26.5,2.03,0.64,0.45,0.1,0.05,0.05
2024,12,NYG,6.27,23.25,2.38,0.64,0.53,0.11,0.05,0.05
2024,12,PHI,6.79,23.5,2.45,0.74,0.51,0.12,0.06,0.06
2024,12,PIT,7.75,16,2.72,0.83,0.58,0.18,0.06,0.06
2024,12,SEA,6.26,24.25,2.32,0.7,0.49,0.11,0.05,0.05
2024,12,SF,6.07,25,2.13,0.63,0.46,0.15,0.05,0.04
2024,12,TB,7.2,18.25,2.59,0.77,0.58,0.13,0.06,0.06
2024,12,TEN,5.6,24,1.97,0.66,0.46,0.1,0.05,0.05
2024,12,WAS,7.34,18,2.56,0.79,0.6,0.14,0.07,0.07
2024,13,ARI,6.4,24.25,2.23,0.73,0.53,0.12,0.06,0.06
2024,13,ATL,6.03,24,2.16,0.7,0.48,0.11,0.05,0.05
2024,13,BAL,6.43,23.75,2.26,0.7,0.44,0.14,0.05,0.05
2024,13,BUF,7.11,20,2.41,0.81,0.59,0.12,0.06,0.06
2024,13,CAR,5.54,26.25,1.97,0.61,0.45,0.1,0.05,0.05
2024,13,CHI,5.39,29,1.99,0.62,0.42,0.09,0.04,0.04
2024,13,CIN,6.45,22,2.3,0.74,0.51,0.11,0.06,0.06
2024,13,CLE,6.21,23.75,2.19,0.65,0.5,0.14,0.05,0.05
2024,13,DAL,7.54,16.75,2.75,0.8,0.53,0.18,0.05,0.05
2024,13,DEN,8,18.25,2.81,0.89,0.67,0.14,0.07,0.08
2024,13,DET,7.29,19.5,2.64,0.86,0.55,0.13,0.06,0.06
2024,13,GB,6.56,21.75,2.36,0.75,0.52,0.11,0.06,0.06
2024,13,HOU,7.58,18.25,2.73,0.83,0.64,0.13,0.06,0.06
2024,13,IND,6.99,19.25,2.54,0.77,0.59,0.12,0.06,0.06
2024,13,JAX,5.51,23.25,2.07,0.59,0.45,0.1,0.05,0.05
2024,13,KC,7.87,14.75,2.7,0.83,0.59,0.18,0.06,0.06
2024,13,LA,6.72,22.75,2.4,0.72,0.54,0.12,0.06,0.06
2024,13,LAC,6.21,23,2.25,0.71,0.5,0.11,0.06,0.06
2024,13,LV,5.11,27.75,1.94,0.54,0.41,0.1,0.05,0.04
2024,13,MIA,6.26,25.25,2.29,0.68,0.54,0.1,0.05,0.05
2024,13,MIN,7.16,21,2.72,0.76,0.5,0.13,0.06,0.06
2024,13,NE,5.88,23,2.41,0.76,0.52,0.11,0.06,0.06
2024,13,NO,6.17,25.75,2.15,0.7,0.49,0.11,0.05,0.05
2024,13,NYG,6.78,20.75,2.5,0.67,0.54,0.14,0.07,0.06
2024,13,NYJ,6.59,22,2.37,0.74,0.51,0.14,0.05,0.05
2024,13,PHI,6.3,26.25,2.24,0.68,0.47,0.12,0.06,0.05
2024,13,PIT,6.47,25,2.23,0.68,0.49,0.15,0.05,0.05
2024,13,SEA,6.68,20,2.46,0.76,0.53,0.11,0.06,0.06
2024,13,SF,5.8,26,2.05,0.61,0.43,0.14,0.05,0.04
2024,13,TB,7.21,20.25,2.53,0.75,0.57,0.14,0.07,0.07
2024,13,TEN,5.93,25.5,2.11,0.7,0.5,0.1,0.05,0.05
2024,13,WAS,7.63,19.5,3.1,0.8,0.5,0.14,0.07,0.07
2024,14,ARI,6.74,21,2.32,0.75,0.57,0.13,0.06,0.06
2024,14,ATL,6.19,25.5,2.24,0.73,0.49,0.11,0.05,0.05
2024,14,BUF,6.87,22.5,2.38,0.79,0.58,0.1,0.05,0.06
2024,14,CAR,4.75,29.5,1.7,0.53,0.4,0.08,0.04,0.04
2024,14,CHI,6.23,23.75,2.27,0.7,0.48,0.11,0.05,0.05
2024,14,CIN,6.53,22,2.27,0.74,0.52,0.12,0.06,0.06
2024,14,CLE,6.11,24.25,2.14,0.64,0.49,0.14,0.05,0.05
2024,14,DAL,5.64,27.5,2,0.59,0.39,0.15,0.05,0.04
2024,14,DET,6.8,24.75,2.45,0.8,0.51,0.12,0.06,0.06
2024,14,GB,5.49,27.75,1.95,0.62,0.43,0.1,0.05,0.05
2024,14,JAX,6.76,21.75,2.56,0.73,0.55,0.12,0.06,0.06
2024,14,KC,6.79,19.25,2.38,0.74,0.54,0.14,0.04,0.05
2024,14,LA,5.69,26.5,2.05,0.62,0.46,0.1,0.05,0.05
2024,14,LAC,6.14,23.75,2.23,0.71,0.48,0.11,0.05,0.05
2024,14,LV,5.1,26.75,1.97,0.56,0.41,0.08,0.04,0.04
2024,14,MIA,6.95,19.25,2.51,0.75,0.58,0.12,0.06,0.06
2024,14,MIN,7.09,20.5,2.66,0.74,0.49,0.13,0.07,0.07
2024,14,NO,7.34,17.75,2.57,0.81,0.58,0.13,0.07,0.07
2024,14,NYG,6.48,23.25,2.43,0.66,0.54,0.11,0.06,0.06
2024,14,NYJ,5.42,26,1.95,0.61,0.42,0.13,0.04,0.03
2024,14,PHI,7.86,17,2.83,0.85,0.59,0.14,0.07,0.07
2024,14,PIT,8,17.75,2.79,0.85,0.61,0.18,0.06,0.06
2024,14,SEA,6.53,24,2.44,0.73,0.51,0.11,0.06,0.06
2024,14,SF,7.06,20.25,2.51,0.75,0.54,0.16,0.05,0.05
2024,14,TB,7.19,19,2.55,0.75,0.57,0.13,0.07,0.07
2024,14,TEN,7.12,18.25,2.49,0.84,0.59,0.13,0.06,0.06
2024,15,ARI,7.05,20.25,2.4,0.78,0.58,0.14,0.07,0.07
2024,15,ATL,6.85,19.25,2.42,0.79,0.55,0.13,0.06,0.06
2024,15,BAL,7.54,14,2.69,0.82,0.52,0.17,0.05,0.06
2024,15,BUF,5.64,28.75,1.91,0.64,0.45,0.1,0.05,0.05
2024,15,CAR,6.72,20.25,2.38,0.74,0.55,0.12,0.06,0.06
2024,15,CHI,6.07,25.5,2.25,0.68,0.49,0.1,0.05,0.05
2024,15,CIN,6.8,21.5,2.57,0.77,0.48,0.12,0.06,0.06
2024,15,CLE,5.68,22.5,2.01,0.59,0.45,0.13,0.04,0.04
2024,15,DAL,6.52,22.75,2.36,0.7,0.46,0.15,0.05,0.05
2024,15,DEN,6.94,20,2.41,0.76,0.56,0.14,0.07,0.07
2024,15,DET,5.76,26.75,2.1,0.67,0.43,0.1,0.05,0.05
2024,15,GB,6.6,22,2.36,0.75,0.52,0.12,0.06,0.06
2024,15,HOU,6.29,22.5,2.29,0.69,0.53,0.1,0.05,0.05
2024,15,IND,5.96,24,2.16,0.67,0.49,0.11,0.05,0.05
2024,15,JAX,6.01,22.25,2.29,0.65,0.49,0.1,0.05,0.05
2024,15,KC,6.93,20.5,2.41,0.75,0.54,0.15,0.05,0.05
2024,15,LA,5.71,25.5,2.05,0.61,0.47,0.1,0.05,0.05
2024,15,LAC,5.99,21.25,2.17,0.68,0.47,0.11,0.05,0.05
2024,15,LV,5.72,25.25,2.2,0.62,0.45,0.1,0.05,0.05
2024,15,MIA,5.9,24.5,2.14,0.64,0.5,0.1,0.05,0.05
2024,15,MIN,7.34,18.5,2.78,0.77,0.51,0.13,0.07,0.07
2024,15,NE,5.04,26.25,2.04,0.65,0.45,0.1,0.05,0.05
2024,15,NO,5.87,25,2.09,0.67,0.47,0.1,0.05,0.05
2024,15,NYG,4.95,30,1.9,0.51,0.42,0.08,0.04,0.04
2024,15,NYJ,6.75,18.5,2.49,0.78,0.51,0.14,0.04,0.04
2024,15,PHI,6.83,18.75,2.49,0.75,0.52,0.12,0.06,0.06
2024,15,PIT,6.6,24.25,2.32,0.72,0.51,0.14,0.05,0.05
2024,15,SEA,6.43,24.5,2.39,0.72,0.5,0.11,0.06,0.06
2024,15,SF,6.29,23,2.21,0.65,0.48,0.15,0.04,0.05
2024,15,TB,5.92,24.25,2.12,0.63,0.47,0.11,0.05,0.05
2024,15,TEN,5.66,26.5,1.99,0.67,0.46,0.1,0.05,0.05
2024,15,WAS,7.3,18,2.53,0.8,0.6,0.14,0.07,0.07
2024,16,ARI,6.72,21.5,2.29,0.73,0.54,0.14,0.07,0.06
2024,16,ATL,7.4,16.5,2.63,0.85,0.59,0.13,0.07,0.07
2024,16,BAL,6.64,19.5,2.38,0.72,0.46,0.16,0.05,0.05
2024,16,BUF,7.79,16.25,2.63,0.88,0.63,0.13,0.07,0.07
2024,16,CAR,5.72,26.25,2.04,0.63,0.47,0.1,0.05,0.05
2024,16,CHI,5.47,26.5,1.99,0.61,0.42,0.1,0.05,0.05
2024,16,CIN,6.91,19.5,2.33,0.86,0.53,0.12,0.06,0.06
2024,16,CLE,5.49,28.25,1.9,0.57,0.44,0.13,0.04,0.04
2024,16,DAL,5.58,26.5,2.04,0.6,0.39,0.13,0.05,0.04
2024,16,DEN,6.87,23,2.39,0.74,0.57,0.14,0.07,0.06
2024,16,DET,6.92,20,2.5,0.81,0.51,0.12,0.06,0.06
2024,16,GB,8.02,14.5,2.85,0.89,0.63,0.15,0.07,0.07
2024,16,HOU,6.41,22.75,2.37,0.71,0.53,0.1,0.05,0.05
2024,16,IND,7.01,19,2.51,0.76,0.57,0.14,0.07,0.06
2024,16,JAX,6.66,20.5,2.54,0.72,0.54,0.11,0.06,0.06
2024,16,KC,6.53,21,2.25,0.7,0.51,0.15,0.05,0.05
2024,16,LA,6.24,21.5,2.24,0.67,0.5,0.11,0.06,0.06
2024,16,LAC,6.49,20,2.37,0.75,0.52,0.11,0.06,0.06
2024,16,LV,6.75,19.5,2.57,0.73,0.54,0.12,0.06,0.06
2024,16,MIA,6.48,22.25,2.38,0.73,0.55,0.1,0.05,0.05
2024,16,MIN,7.17,19.75,2.72,0.77,0.5,0.13,0.06,0.06
2024,16,NE,4.11,30.25,1.66,0.53,0.38,0.08,0.04,0.04
2024,16,NO,5.37,28.75,1.93,0.64,0.43,0.09,0.04,0.04
2024,16,NYG,5.5,26.5,2.07,0.56,0.45,0.1,0.05,0.05
2024,16,NYJ,5.69,25,2.02,0.64,0.43,0.14,0.05,0.03
2024,16,PHI,6.9,21.25,2.56,0.77,0.53,0.1,0.05,0.06
2024,16,PIT,5.94,25.5,2.05,0.62,0.44,0.14,0.04,0.04
2024,16,SEA,6.12,23,2.28,0.7,0.48,0.1,0.05,0.05
2024,16,SF,6.32,23.75,2.26,0.67,0.48,0.14,0.04,0.05
2024,16,TB,6.72,22.5,2.43,0.71,0.52,0.12,0.06,0.06
2024,16,TEN,6.57,23.5,2.33,0.77,0.54,0.12,0.06,0.06
2024,16,WAS,5.65,24.25,2.02,0.62,0.46,0.1,0.05,0.05
2024,17,ARI,5.46,27.25,1.91,0.61,0.45,0.1,0.05,0.05
2024,17,ATL,6.05,25.75,2.14,0.7,0.47,0.12,0.06,0.05
2024,17,BAL,6.44,20.5,2.3,0.69,0.45,0.15,0.05,0.05
2024,17,BUF,6.73,18.5,2.28,0.76,0.54,0.12,0.06,0.06
2024,17,CAR,5.19,28.75,1.84,0.56,0.43,0.09,0.05,0.05
2024,17,CHI,6.22,23.5,2.3,0.71,0.48,0.1,0.05,0.05
2024,17,CIN,6.2,23.25,2.21,0.7,0.49,0.11,0.06,0.06
2024,17,CLE,5.92,23.25,2.09,0.62,0.48,0.14,0.04,0.04
2024,17,DAL,5.92,26.25,2.2,0.65,0.41,0.14,0.05,0.04
2024,17,DEN,5.92,26.75,2.03,0.64,0.49,0.12,0.06,0.06
2024,17,DET,6.73,25.25,2.41,0.8,0.5,0.12,0.06,0.06
2024,17,GB,6.12,25,2.22,0.7,0.47,0.11,0.05,0.05
2024,17,HOU,5.5,26,2.01,0.6,0.47,0.09,0.04,0.04
2024,17,IND,7.29,16.25,2.65,0.8,0.62,0.12,0.06,0.07
2024,17,JAX,6.78,17.75,2.59,0.74,0.55,0.11,0.06,0.06
2024,17,KC,6.56,20.5,2.26,0.69,0.5,0.15,0.05,0.05
2024,17,LA,6.29,21.25,2.27,0.67,0.51,0.11,0.06,0.06
2024,17,LAC,6.91,18.25,2.5,0.78,0.54,0.13,0.06,0.06
2024,17,LV,6.04,19.25,2.34,0.64,0.48,0.1,0.05,0.05
2024,17,MIA,7.36,16.75,2.73,0.81,0.63,0.12,0.06,0.06
2024,17,MIN,6.39,24,2.43,0.68,0.45,0.11,0.06,0.06
2024,17,NE,5.09,22.25,2.05,0.67,0.46,0.1,0.05,0.05
2024,17,NO,6.78,18.25,2.43,0.78,0.54,0.11,0.06,0.06
2024,17,NYG,5.48,24.25,2.09,0.56,0.45,0.09,0.05,0.05
2024,17,NYJ,4.99,28,1.76,0.55,0.38,0.13,0.05,0.03
2024,17,PHI,7.45,16.75,2.74,0.83,0.58,0.12,0.06,0.06
2024,17,PIT,6.37,24,2.19,0.67,0.47,0.15,0.05,0.05
2024,17,SEA,6.96,20,2.57,0.78,0.54,0.12,0.06,0.06
2024,17,SF,5.69,25.5,1.99,0.59,0.42,0.14,0.05,0.04
2024,17,TB,7.1,19,2.5,0.74,0.56,0.13,0.07,0.07
2024,17,TEN,6.56,21,2.34,0.78,0.54,0.11,0.06,0.06
2024,17,WAS,6.59,21.75,2.32,0.73,0.54,0.12,0.06,0.06
2024,18,ARI,6.16,21,2.13,0.69,0.52,0.12,0.06,0.06
2024,18,ATL,6.84,20.25,2.41,0.79,0.55,0.13,0.06,0.06
2024,18,BAL,8.04,11,2.89,0.88,0.56,0.17,0.05,0.06
2024,18,BUF,7.13,16.75,2.51,0.83,0.59,0.11,0.06,0.06
2024,18,CAR,5.88,28.25,2.07,0.64,0.48,0.11,0.05,0.05
2024,18,CHI,5.73,25,2.11,0.65,0.45,0.1,0.05,0.04
2024,18,CIN,6.52,23,2.33,0.76,0.52,0.1,0.05,0.06
2024,18,CLE,4.46,31,1.6,0.48,0.36,0.1,0.03,0.03
2024,18,DAL,6.09,23.75,2.24,0.67,0.43,0.14,0.05,0.04
2024,18,DEN,7.44,14.25,2.63,0.83,0.63,0.12,0.06,0.07
2024,18,DET,6.25,26.75,2.29,0.74,0.47,0.1,0.05,0.06
2024,18,GB,7.66,15.5,2.74,0.87,0.6,0.14,0.07,0.07
2024,18,HOU,6.63,20,2.46,0.74,0.57,0.1,0.05,0.05
2024,18,IND,6.63,21.25,2.31,0.72,0.53,0.14,0.07,0.06
2024,18,JAX,6.23,24.75,2.35,0.67,0.5,0.11,0.05,0.05
2024,18,KC,5.71,24.25,2,0.63,0.44,0.13,0.04,0.04
2024,18,LA,6.38,21.25,2.38,0.71,0.54,0.1,0.05,0.05
2024,18,LAC,7.04,18,2.54,0.8,0.55,0.13,0.06,0.06
2024,18,LV,5.76,23.5,2.21,0.62,0.47,0.1,0.05,0.05
2024,18,MIA,6.65,19,2.43,0.73,0.56,0.11,0.05,0.05
2024,18,MIN,6.41,27,2.44,0.68,0.45,0.1,0.05,0.06
2024,18,NE,5.77,19.75,2.32,0.74,0.51,0.12,0.06,0.05
2024,18,NO,5.01,28.5,1.8,0.59,0.41,0.08,0.04,0.04
2024,18,NYG,5.49,19.5,2.07,0.55,0.45,0.1,0.05,0.05
2024,18,NYJ,6.3,20.5,2.31,0.72,0.48,0.14,0.05,0.04
2024,18,PHI,6.95,17.75,2.59,0.78,0.54,0.11,0.06,0.06
2024,18,PIT,6.45,25.5,2.23,0.68,0.48,0.15,0.05,0.05
2024,18,SEA,6.63,18.25,2.45,0.75,0.52,0.11,0.06,0.06
2024,18,SF,6.28,21.5,2.24,0.67,0.48,0.14,0.04,0.05
2024,18,TB,7.81,15,2.72,0.8,0.59,0.16,0.08,0.07
2024,18,TEN,6.82,19,2.37,0.79,0.54,0.14,0.07,0.06
2024,18,WAS,6.66,20.25,2.35,0.73,0.55,0.13,0.06,0.06
2025,1,ARI,7.52,19,2.84,0.85,0.57,0.14,0,0.07
2025,1,ATL,5.81,22.75,2.29,0.68,0.49,0.06,0,0.06
2025,1,BAL,6.69,24.75,2.25,0.75,0.5,0.15,0.05,0.05
2025,1,BUF,6.68,26.25,2.33,0.67,0.52,0.16,0.05,0.05
2025,1,CAR,5.58,25,2.2,0.63,0.5,0.06,0,0.06
2025,1,CHI,6.8,22.75,2.54,0.76,0.51,0.13,0,0.06
2025,1,CIN,7.35,21.75,2.82,0.82,0.55,0.14,0,0.07
2025,1,CLE,5.83,26.25,2.27,0.62,0.45,0.11,0,0.06
2025,1,DAL,5.39,27.75,1.81,0.59,0.39,0.1,0,0.05
2025,1,DEN,8.37,17,2.89,0.88,0.63,0.19,0.06,0.06
2025,1,DET,6.61,24.25,2.27,0.67,0.52,0.15,0.05,0.05
2025,1,GB,6.7,23.25,2.44,0.67,0.52,0.16,0,0.05
2025,1,HOU,6.85,23,2.37,0.72,0.52,0.15,0.05,0.05
2025,1,IND,6.5,23,2.48,0.74,0.5,0.12,0,0.06
2025,1,JAX,7.42,21,3,0.87,0.63,0.08,0,0.08
2025,1,KC,7.02,22.25,2.38,0.72,0.55,0.17,0.06,0.06
2025,1,LA,7.4,20,2.87,0.77,0.57,0.13,0,0.06
2025,1,LAC,6.27,25.25,2.18,0.67,0.45,0.11,0,0.06
2025,1,LV,6.63,23.5,2.64,0.78,0.57,0.07,0,0.07
2025,1,MIA,6.75,24,2.53,0.72,0.54,0.12,0,0.06
2025,1,MIN,7.53,22.75,2.57,0.8,0.57,0.17,0.06,0.06
2025,1,NE,7.08,21,2.62,0.79,0.52,0.13,0,0.07
2025,1,NO,5.72,25,2.15,0.62,0.43,0.06,0,0.06
2025,1,NYG,5.37,25.75,2.06,0.6,0.45,0.1,0,0.05
2025,1,NYJ,6.58,20.5,2.31,0.71,0.47,0.12,0,0.06
2025,1,PHI,7.98,19.75,2.62,0.93,0.58,0.17,0.06,0.06
2025,1,PIT,7.77,17.5,2.67,0.83,0.59,0.18,0.06,0.06
2025,1,SEA,6.82,22.5,2.51,0.78,0.54,0.12,0,0.06
2025,1,SF,7.01,21,2.58,0.8,0.55,0.12,0,0.06
2025,1,TB,6.59,22.75,2.47,0.71,0.53,0.12,0,0.06
2025,1,TEN,4.65,25.5,1.8,0.53,0.42,0.05,0,0.05
2025,1,WAS,7.19,19.75,2.63,0.81,0.56,0.13,0,0.06
2025,2,ARI,7.58,19,2.86,0.86,0.57,0.14,0,0.07
2025,2,ATL,5.76,23.75,2.27,0.67,0.49,0.06,0,0.06
2025,2,BAL,8.11,17,2.72,0.91,0.61,0.18,0.06,0.06
2025,2,BUF,7.09,20.75,2.47,0.71,0.55,0.16,0.05,0.05
2025,2,CAR,5.62,26,2.21,0.63,0.51,0.06,0,0.06
2025,2,CHI,5.09,26,1.9,0.57,0.38,0.1,0,0.05
2025,2,CIN,6.35,22.75,2.43,0.71,0.47,0.12,0,0.06
2025,2,CLE,4.9,29.5,1.9,0.52,0.38,0.1,0,0.05
2025,2,DAL,7.23,19.75,2.43,0.79,0.53,0.13,0,0.07
2025,2,DEN,7.09,21,2.45,0.75,0.53,0.16,0.05,0.05
2025,2,DET,6.77,20,2.33,0.69,0.53,0.16,0.05,0.05
2025,2,GB,6.47,22.75,2.36,0.65,0.5,0.15,0,0.05
2025,2,HOU,7.01,20,2.42,0.74,0.53,0.16,0.05,0.05
2025,2,IND,6.53,22.5,2.49,0.75,0.5,0.12,0,0.06
2025,2,JAX,5.81,26.25,2.35,0.68,0.49,0.06,0,0.06
2025,2,KC,6.15,24,2.08,0.63,0.48,0.15,0.05,0.05
2025,2,LA,7.74,18,3,0.8,0.6,0.13,0,0.07
2025,2,LAC,6.51,21.5,2.27,0.7,0.46,0.12,0,0.06
2025,2,LV,5.89,25,2.34,0.7,0.51,0.06,0,0.06
2025,2,MIA,6.75,20.5,2.53,0.72,0.54,0.12,0,0.06
2025,2,MIN,6.95,20.75,2.37,0.74,0.53,0.16,0.05,0.05
2025,2,NE,6.41,23,2.37,0.71,0.47,0.12,0,0.06
2025,2,NO,6,21.75,2.26,0.65,0.45,0.06,0,0.06
2025,2,NYG,5.6,24.75,2.15,0.63,0.47,0.1,0,0.05
2025,2,NYJ,5.86,26.25,2.06,0.63,0.42,0.11,0,0.05
2025,2,PHI,6.42,23,2.11,0.75,0.47,0.14,0.05,0.05
2025,2,PIT,7.45,18.5,2.56,0.8,0.57,0.17,0.06,0.06
2025,2,SEA,6.33,22,2.33,0.72,0.5,0.11,0,0.06
2025,2,SF,7.25,18.75,2.67,0.83,0.57,0.13,0,0.06
2025,2,TB,6.65,22.5,2.49,0.71,0.53,0.12,0,0.06
2025,2,TEN,5.6,23.5,2.16,0.64,0.51,0.06,0,0.06
2025,2,WAS,6.09,25.75,2.22,0.69,0.48,0.11,0,0.05
2025,3,ARI,6.4,23,2.42,0.72,0.48,0.12,0,0.06
2025,3,ATL,7.38,19.75,2.9,0.86,0.63,0.08,0,0.08
2025,3,BAL,6.59,24.75,2.21,0.74,0.49,0.15,0.05,0.05
2025,3,BUF,7.79,19.25,2.72,0.79,0.6,0.18,0.06,0.06
2025,3,CAR,5.95,24.25,2.34,0.67,0.53,0.07,0,0.07
2025,3,CHI,5.94,25.75,2.22,0.67,0.44,0.11,0,0.06
2025,3,CIN,6.56,22.75,2.51,0.74,0.49,0.12,0,0.06
2025,3,CLE,5.23,24.5,2.03,0.56,0.41,0.1,0,0.05
2025,3,DAL,6.13,24.25,2.06,0.67,0.45,0.11,0,0.06
2025,3,DEN,6.27,24,2.17,0.66,0.47,0.14,0.05,0.05
2025,3,DET,5.61,29.25,1.93,0.57,0.44,0.13,0.04,0.04
2025,3,GB,8.21,17,2.99,0.83,0.64,0.19,0,0.06
2025,3,HOU,6.82,22.5,2.36,0.72,0.51,0.15,0.05,0.05
2025,3,IND,7.32,19,2.79,0.84,0.56,0.14,0,0.07
2025,3,JAX,6.66,21,2.69,0.78,0.57,0.07,0,0.07
2025,3,KC,7.02,19.25,2.38,0.72,0.55,0.17,0.06,0.06
2025,3,LA,5.82,24.5,2.26,0.6,0.45,0.1,0,0.05
2025,3,LAC,6.46,21.5,2.25,0.69,0.46,0.12,0,0.06
2025,3,LV,5.67,23.5,2.26,0.67,0.49,0.06,0,0.06
2025,3,MIA,4.64,30.75,1.74,0.5,0.37,0.08,0,0.04
2025,3,MIN,7.53,19.75,2.57,0.8,0.57,0.17,0.06,0.06
2025,3,NE,6.68,22.75,2.47,0.74,0.49,0.12,0,0.06
2025,3,NO,5.58,24.25,2.1,0.6,0.42,0.06,0,0.06
2025,3,NYG,5.38,25.25,2.06,0.6,0.45,0.1,0,0.05
2025,3,NYJ,5.11,24.75,1.8,0.55,0.37,0.09,0,0.05
2025,3,PHI,7.14,21,2.35,0.83,0.52,0.16,0.05,0.05
2025,3,PIT,6.78,21.75,2.33,0.72,0.52,0.16,0.05,0.05
2025,3,SEA,7.98,17.25,2.94,0.91,0.63,0.14,0,0.07
2025,3,SF,6.74,21.5,2.48,0.77,0.53,0.12,0,0.06
2025,3,TB,7.43,18.25,2.79,0.8,0.6,0.13,0,0.07
2025,3,TEN,5.56,24.5,2.15,0.63,0.51,0.06,0,0.06
2025,3,WAS,6.85,20.5,2.5,0.77,0.54,0.12,0,0.06
2025,4,ARI,6.53,22.5,2.46,0.74,0.49,0.12,0,0.06
2025,4,ATL,5.86,20.75,2.31,0.69,0.5,0.06,0,0.06
2025,4,BAL,6.11,23,2.05,0.68,0.46,0.14,0.05,0.05
2025,4,BUF,8.49,17,2.96,0.86,0.66,0.2,0.07,0.07
2025,4,CAR,6.13,24.25,2.41,0.69,0.55,0.07,0,0.07
2025,4,CHI,6.38,24.5,2.39,0.72,0.48,0.12,0,0.06
2025,4,CIN,4.78,26,1.83,0.54,0.36,0.09,0,0.04
2025,4,CLE,4.82,27.25,1.87,0.51,0.37,0.09,0,0.05
2025,4,DAL,5.67,26.5,1.91,0.62,0.41,0.1,0,0.05
2025,4,DEN,7.61,18.5,2.63,0.8,0.57,0.17,0.06,0.06
2025,4,DET,8.37,17.25,2.88,0.85,0.65,0.2,0.07,0.07
2025,4,GB,7.28,20,2.65,0.73,0.56,0.17,0,0.06
2025,4,HOU,8.01,16.5,2.77,0.84,0.6,0.18,0.06,0.06
2025,4,IND,6.2,26.5,2.36,0.71,0.47,0.12,0,0.06
2025,4,JAX,5.81,24.25,2.35,0.68,0.49,0.06,0,0.06
2025,4,KC,6,25.5,2.03,0.61,0.47,0.14,0.05,0.05
2025,4,LA,6.98,23,2.71,0.72,0.54,0.12,0,0.06
2025,4,LAC,7.27,18.5,2.53,0.78,0.52,0.13,0,0.06
2025,4,LV,6.54,23,2.6,0.77,0.56,0.07,0,0.07
2025,4,MIA,7.04,20.75,2.64,0.75,0.57,0.13,0,0.06
2025,4,MIN,7.17,19.25,2.44,0.76,0.54,0.16,0.05,0.05
2025,4,NE,7.56,18.75,2.8,0.84,0.56,0.14,0,0.07
2025,4,NO,4.23,31.5,1.59,0.45,0.32,0.05,0,0.05
2025,4,NYG,5.59,24.5,2.14,0.63,0.47,0.1,0,0.05
2025,4,NYJ,6.3,23.25,2.21,0.68,0.45,0.11,0,0.06
2025,4,PHI,6.56,20.25,2.15,0.77,0.48,0.14,0.05,0.05
2025,4,PIT,7.09,21.75,2.43,0.76,0.54,0.16,0.05,0.05
2025,4,SEA,6.74,21,2.48,0.77,0.53,0.12,0,0.06
2025,4,SF,6.95,21.25,2.56,0.79,0.55,0.12,0,0.06
2025,4,TB,5.98,23.75,2.24,0.64,0.48,0.11,0,0.05
2025,4,TEN,5.39,23.5,2.08,0.61,0.49,0.06,0,0.06
2025,4,WAS,6.53,23.25,2.38,0.74,0.51,0.11,0,0.06
2025,5,ARI,7.84,17,2.96,0.89,0.59,0.15,0,0.07
2025,5,BAL,6.69,22,2.25,0.75,0.5,0.15,0.05,0.05
2025,5,BUF,7.07,20.75,2.47,0.71,0.55,0.16,0.05,0.05
2025,5,CAR,5.89,22.5,2.32,0.66,0.53,0.07,0,0.07
2025,5,CIN,4.57,29.5,1.75,0.51,0.34,0.09,0,0.04
2025,5,CLE,6.62,19.5,2.57,0.71,0.51,0.13,0,0.06
2025,5,DAL,6.66,24.25,2.24,0.73,0.48,0.12,0,0.06
2025,5,DEN,6.55,24,2.27,0.69,0.49,0.15,0.05,0.05
2025,5,DET,7.75,19.5,2.66,0.79,0.61,0.18,0.06,0.06
2025,5,HOU,6.56,19.5,2.27,0.69,0.49,0.15,0.05,0.05
2025,5,IND,6.94,19.75,2.64,0.79,0.53,0.13,0,0.07
2025,5,JAX,6.11,24.5,2.47,0.71,0.52,0.06,0,0.06
2025,5,KC,7.08,21,2.4,0.73,0.56,0.17,0.06,0.06
2025,5,LA,6.92,17.5,2.69,0.72,0.54,0.12,0,0.06
2025,5,LAC,6.52,22.75,2.27,0.7,0.47,0.12,0,0.06
2025,5,LV,5.03,26.75,2,0.59,0.43,0.05,0,0.05
2025,5,MIA,7.02,21.5,2.63,0.75,0.56,0.13,0,0.06
2025,5,MIN,7.61,16,2.6,0.81,0.58,0.17,0.06,0.06
2025,5,NE,4.6,28.25,1.7,0.51,0.34,0.09,0,0.04
2025,5,NO,6.75,20,2.54,0.73,0.51,0.07,0,0.07
2025,5,NYG,6.77,22,2.59,0.76,0.57,0.13,0,0.06
2025,5,NYJ,6.5,23.25,2.28,0.7,0.47,0.12,0,0.06
2025,5,PHI,7.17,20,2.35,0.84,0.52,0.16,0.05,0.05
2025,5,SEA,6.58,20.5,2.42,0.75,0.52,0.12,0,0.06
2025,5,SF,5.6,26,2.06,0.64,0.44,0.1,0,0.05
2025,5,TB,6.58,24,2.47,0.71,0.53,0.12,0,0.06
2025,5,TEN,5.12,24.5,1.98,0.58,0.47,0.06,0,0.06
2025,5,WAS,6.02,25.75,2.2,0.68,0.47,0.1,0,0.05
2025,6,ARI,5.62,27.25,2.12,0.64,0.42,0.11,0,0.05
2025,6,ATL,5.22,26.5,2.05,0.61,0.44,0.06,0,0.06
2025,6,BAL,5.69,25.5,1.91,0.64,0.42,0.13,0.04,0.04
2025,6,BUF,6.71,23,2.34,0.68,0.52,0.16,0.05,0.05
2025,6,CAR,5.71,25.25,2.24,0.64,0.51,0.06,0,0.06
2025,6,CHI,5.59,27.5,2.09,0.63,0.42,0.1,0,0.05
2025,6,CIN,4.54,29.25,1.74,0.51,0.34,0.08,0,0.04
2025,6,CLE,5.53,22.25,2.15,0.59,0.43,0.11,0,0.05
2025,6,DAL,6.82,22.25,2.29,0.74,0.5,0.12,0,0.06
2025,6,DEN,7.51,18.25,2.6,0.79,0.56,0.17,0.06,0.06
2025,6,DET,6.05,27,2.08,0.61,0.47,0.14,0.05,0.05
2025,6,GB,8.03,15.25,2.93,0.81,0.62,0.19,0,0.06
2025,6,IND,7.27,18.75,2.77,0.83,0.55,0.14,0,0.07
2025,6,JAX,6.58,24.25,2.66,0.77,0.56,0.07,0,0.07
2025,6,KC,6.02,24.5,2.04,0.62,0.47,0.14,0.05,0.05
2025,6,LA,7.51,18.5,2.91,0.78,0.58,0.13,0,0.06
2025,6,LAC,6.83,20.75,2.38,0.73,0.49,0.12,0,0.06
2025,6,LV,7.35,19,2.93,0.87,0.63,0.08,0,0.08
2025,6,MIA,5.59,24.25,2.1,0.6,0.45,0.1,0,0.05
2025,6,NE,7.23,21.25,2.68,0.8,0.54,0.13,0,0.07
2025,6,NO,5.91,24.75,2.23,0.64,0.45,0.06,0,0.06
2025,6,NYG,5.04,24,1.93,0.57,0.42,0.09,0,0.05
2025,6,NYJ,5.77,25.25,2.03,0.62,0.42,0.1,0,0.05
2025,6,PHI,7.74,16.5,2.54,0.9,0.57,0.17,0.06,0.06
2025,6,PIT,7.64,15.75,2.62,0.82,0.58,0.17,0.06,0.06
2025,6,SEA,6.75,23.25,2.49,0.77,0.53,0.12,0,0.06
2025,6,SF,5.9,25,2.17,0.67,0.47,0.1,0,0.05
2025,6,TB,6.78,21.5,2.54,0.73,0.54,0.12,0,0.06
2025,6,TEN,5.46,22.5,2.11,0.62,0.5,0.06,0,0.06
2025,6,WAS,6.96,22,2.54,0.79,0.54,0.12,0,0.06
2025,7,ARI,5.82,26,2.2,0.66,0.44,0.11,0,0.05
2025,7,ATL,6.33,23,2.49,0.74,0.54,0.07,0,0.07
2025,7,CAR,6.81,22.75,2.68,0.76,0.61,0.08,0,0.08
2025,7,CHI,6.92,19.75,2.59,0.78,0.52,0.13,0,0.06
2025,7,CIN,5.87,25,2.25,0.66,0.44,0.11,0,0.05
2025,7,CLE,6.22,16,2.42,0.66,0.48,0.12,0,0.06
2025,7,DAL,5.89,26.75,1.98,0.64,0.43,0.11,0,0.05
2025,7,DEN,7.63,16.25,2.64,0.8,0.57,0.17,0.06,0.06
2025,7,DET,6.2,24,2.13,0.63,0.48,0.15,0.05,0.05
2025,7,GB,7.22,19,2.63,0.73,0.56,0.17,0,0.06
2025,7,HOU,6.28,22,2.17,0.66,0.47,0.14,0.05,0.05
2025,7,IND,6.2,25.5,2.36,0.71,0.47,0.12,0,0.06
2025,7,JAX,5.33,23.75,2.16,0.62,0.45,0.06,0,0.06
2025,7,KC,7.85,15.75,2.66,0.8,0.62,0.19,0.06,0.06
2025,7,LA,6.87,20.75,2.67,0.71,0.53,0.12,0,0.06
2025,7,LAC,6.35,23,2.21,0.68,0.45,0.11,0,0.06
2025,7,LV,4.65,28.75,1.85,0.55,0.4,0.05,0,0.05
2025,7,MIA,6.39,18.5,2.4,0.68,0.51,0.11,0,0.06
2025,7,MIN,6.59,23.25,2.25,0.7,0.5,0.15,0.05,0.05
2025,7,NE,7.76,17.25,2.87,0.86,0.57,0.14,0,0.07
2025,7,NO,5.44,23.75,2.05,0.59,0.41,0.06,0,0.06
2025,7,NYG,5.02,24.25,1.92,0.56,0.42,0.09,0,0.05
2025,7,NYJ,6.79,22.75,2.39,0.73,0.49,0.12,0,0.06
2025,7,PHI,6.91,20.75,2.27,0.81,0.5,0.15,0.05,0.05
2025,7,PIT,7.61,20,2.61,0.81,0.58,0.17,0.06,0.06
2025,7,SEA,6.88,19,2.54,0.78,0.54,0.12,0,0.06
2025,7,SF,6.26,24,2.31,0.71,0.49,0.11,0,0.05
2025,7,TB,5.72,30,2.15,0.61,0.46,0.1,0,0.05
2025,7,TEN,5.14,23.75,1.99,0.58,0.47,0.06,0,0.06
2025,7,WAS,6.3,28.25,2.3,0.71,0.49,0.11,0,0.05
2025,8,ATL,6.99,18.75,2.75,0.82,0.59,0.07,0,0.07
2025,8,BAL,6.98,21.25,2.34,0.78,0.52,0.16,0.05,0.05
2025,8,BUF,7.7,20.25,2.69,0.78,0.6,0.18,0.06,0.06
2025,8,CAR,4.5,27.25,1.77,0.51,0.4,0.05,0,0.05
2025,8,CHI,4.9,23.75,1.83,0.55,0.37,0.09,0,0.05
2025,8,CIN,6.97,19.25,2.67,0.78,0.52,0.13,0,0.07
2025,8,CLE,5.85,23.75,2.27,0.63,0.45,0.11,0,0.06
2025,8,DAL,5.82,27.5,1.96,0.63,0.42,0.11,0,0.05
2025,8,DEN,6.78,24,2.35,0.71,0.51,0.15,0.05,0.05
2025,8,GB,7.01,21.75,2.55,0.71,0.54,0.16,0,0.05
2025,8,HOU,6.69,19.25,2.31,0.7,0.5,0.15,0.05,0.05
2025,8,IND,8.16,16.25,3.11,0.93,0.62,0.16,0,0.08
2025,8,KC,7.33,18.75,2.48,0.75,0.58,0.17,0.06,0.06
2025,8,LAC,6.84,20.75,2.38,0.73,0.49,0.12,0,0.06
2025,8,MIA,5.82,25.75,2.18,0.62,0.47,0.1,0,0.05
2025,8,MIN,6.59,23.75,2.25,0.7,0.5,0.15,0.05,0.05
2025,8,NE,7.56,16.75,2.8,0.84,0.56,0.14,0,0.07
2025,8,NO,5.27,24.75,1.98,0.57,0.4,0.06,0,0.06
2025,8,NYG,5.13,25.5,1.97,0.58,0.43,0.1,0,0.05
2025,8,NYJ,6.25,24.75,2.2,0.68,0.45,0.11,0,0.06
2025,8,PHI,7.86,18,2.58,0.92,0.57,0.17,0.06,0.06
2025,8,PIT,6.36,24.25,2.18,0.68,0.49,0.15,0.05,0.05
2025,8,SF,6.54,21.75,2.41,0.75,0.52,0.11,0,0.06
2025,8,TB,7.64,21.25,2.86,0.82,0.61,0.14,0,0.07
2025,8,TEN,4.58,31.25,1.77,0.52,0.42,0.05,0,0.05
2025,8,WAS,5.22,29.25,1.91,0.59,0.41,0.09,0,0.05
2025,9,ARI,5.86,28.25,2.21,0.66,0.44,0.11,0,0.06
2025,9,ATL,5.97,25.25,2.35,0.7,0.51,0.06,0,0.06
2025,9,BAL,7.47,21.75,2.51,0.84,0.56,0.17,0.06,0.06
2025,9,BUF,5.94,27.75,2.07,0.6,0.46,0.14,0.05,0.05
2025,9,CAR,4.18,28.25,1.64,0.47,0.38,0.05,0,0.05
2025,9,CHI,6.45,24.25,2.41,0.72,0.48,0.12,0,0.06
2025,9,CIN,6.46,27.25,2.48,0.72,0.48,0.12,0,0.06
2025,9,DAL,6.74,25.25,2.27,0.74,0.49,0.12,0,0.06
2025,9,DEN,7.16,21.5,2.47,0.75,0.54,0.16,0.05,0.05
2025,9,DET,7.46,19,2.56,0.76,0.58,0.17,0.06,0.06
2025,9,GB,8.24,15.25,3,0.83,0.64,0.19,0,0.06
2025,9,HOU,7.19,19.5,2.49,0.76,0.54,0.16,0.05,0.05
2025,9,IND,6.69,24.5,2.55,0.76,0.51,0.13,0,0.06
2025,9,JAX,6.86,21.25,2.77,0.8,0.58,0.07,0,0.07
2025,9,KC,6.5,25.25,2.2,0.67,0.51,0.15,0.05,0.05
2025,9,LA,8.36,15.25,3.24,0.87,0.65,0.14,0,0.07
2025,9,LAC,7.9,17.25,2.75,0.85,0.56,0.14,0,0.07
2025,9,LV,6.02,22.75,2.39,0.71,0.52,0.06,0,0.06
2025,9,MIA,5.37,29.25,2.01,0.58,0.43,0.1,0,0.05
2025,9,MIN,5.66,28.5,1.93,0.6,0.43,0.13,0.04,0.04
2025,9,NE,7.23,20.25,2.68,0.8,0.54,0.13,0,0.07
2025,9,NO,4.37,29.25,1.64,0.47,0.33,0.05,0,0.05
2025,9,NYG,6.26,25.5,2.4,0.7,0.53,0.12,0,0.06
2025,9,PIT,6.51,27.5,2.24,0.7,0.5,0.15,0.05,0.05
2025,9,SEA,6.62,22.5,2.44,0.76,0.52,0.12,0,0.06
2025,9,SF,6.82,23,2.51,0.78,0.54,0.12,0,0.06
2025,9,TEN,5.14,26.75,1.99,0.58,0.47,0.06,0,0.06
2025,9,WAS,6.6,25,2.41,0.75,0.52,0.11,0,0.06
2025,10,ARI,5.36,26,2.02,0.61,0.4,0.1,0,0.05
2025,10,ATL,5.09,27,2,0.6,0.43,0.05,0,0.05
2025,10,BAL,6.92,22.25,2.32,0.77,0.52,0.15,0.05,0.05
2025,10,BUF,6.91,21,2.41,0.7,0.54,0.16,0.05,0.05
2025,10,CAR,7.3,16.75,2.87,0.82,0.66,0.08,0,0.08
2025,10,CHI,6.71,20.25,2.51,0.75,0.5,0.13,0,0.06
2025,10,CLE,7.17,17.75,2.79,0.77,0.56,0.14,0,0.07
2025,10,DEN,7.58,16.75,2.62,0.8,0.57,0.17,0.06,0.06
2025,10,DET,6.88,20.5,2.37,0.7,0.54,0.16,0.05,0.05
2025,10,GB,6.48,22,2.36,0.65,0.5,0.15,0,0.05
2025,10,HOU,7.75,22.75,2.68,0.82,0.58,0.17,0.06,0.06
2025,10,IND,6.84,21,2.6,0.78,0.52,0.13,0,0.07
2025,10,JAX,7.3,22.75,2.95,0.85,0.62,0.08,0,0.08
2025,10,LA,6.98,21.75,2.71,0.72,0.54,0.12,0,0.06
2025,10,LAC,6.76,21.25,2.35,0.72,0.48,0.12,0,0.06
2025,10,LV,4.75,25.75,1.89,0.56,0.41,0.05,0,0.05
2025,10,MIA,5.3,29,1.99,0.57,0.43,0.09,0,0.05
2025,10,MIN,6.31,26.75,2.15,0.67,0.48,0.14,0.05,0.05
2025,10,NE,6.1,25.25,2.26,0.68,0.45,0.11,0,0.06
2025,10,NO,6.07,21.75,2.28,0.65,0.46,0.07,0,0.07
2025,10,NYG,5.96,24.75,2.28,0.67,0.5,0.11,0,0.06
2025,10,NYJ,6.61,19.75,2.32,0.71,0.48,0.12,0,0.06
2025,10,PHI,6.36,23,2.09,0.74,0.46,0.14,0.05,0.05
2025,10,PIT,6,24.25,2.06,0.64,0.46,0.14,0.05,0.05
2025,10,SEA,7.09,19,2.61,0.81,0.56,0.12,0,0.06
2025,10,SF,5.93,27.75,2.18,0.68,0.47,0.1,0,0.05
2025,10,TB,6.53,22.75,2.45,0.7,0.53,0.12,0,0.06
2025,10,WAS,5.85,28.5,2.14,0.66,0.46,0.1,0,0.05
2025,11,ARI,6.08,26,2.3,0.69,0.46,0.11,0,0.06
2025,11,ATL,7.11,19,2.8,0.83,0.61,0.08,0,0.08
2025,11,BAL,7.49,15.25,2.51,0.84,0.56,0.17,0.06,0.06
2025,11,BUF,6.74,19.5,2.35,0.68,0.52,0.16,0.05,0.05
2025,11,CAR,5.92,23,2.33,0.66,0.53,0.07,0,0.07
2025,11,CHI,6.71,25.5,2.51,0.75,0.5,0.13,0,0.06
2025,11,CIN,5.33,26.75,2.04,0.6,0.4,0.1,0,0.05
2025,11,CLE,5.89,22.75,2.29,0.63,0.46,0.11,0,0.06
2025,11,DAL,6.5,22.5,2.19,0.71,0.47,0.12,0,0.06
2025,11,DEN,6.27,24.75,2.17,0.66,0.47,0.14,0.05,0.05
2025,11,DET,6.54,24.5,2.25,0.66,0.51,0.15,0.05,0.05
2025,11,GB,7.24,17.25,2.64,0.73,0.56,0.17,0,0.06
2025,11,HOU,7.58,16,2.62,0.8,0.57,0.17,0.06,0.06
2025,11,JAX,5.89,23,2.38,0.69,0.5,0.06,0,0.06
2025,11,KC,7.11,20.75,2.41,0.73,0.56,0.17,0.06,0.06
2025,11,LA,6.64,23,2.57,0.69,0.51,0.11,0,0.06
2025,11,LAC,6.82,20,2.37,0.73,0.49,0.12,0,0.06
2025,11,LV,5.5,26,2.19,0.65,0.47,0.06,0,0.06
2025,11,MIA,6.55,22.25,2.46,0.7,0.53,0.12,0,0.06
2025,11,MIN,6.84,22.5,2.33,0.73,0.52,0.16,0.05,0.05
2025,11,NE,8.05,15.5,2.98,0.89,0.6,0.15,0,0.07
2025,11,NYG,5.4,24.25,2.07,0.61,0.45,0.1,0,0.05
2025,11,NYJ,4.84,28,1.7,0.52,0.35,0.09,0,0.04
2025,11,PHI,6.73,22,2.21,0.79,0.49,0.15,0.05,0.05
2025,11,PIT,6.85,21.25,2.35,0.73,0.52,0.16,0.05,0.05
2025,11,SEA,6.4,26,2.36,0.73,0.51,0.11,0,0.06
2025,11,SF,6.73,22.5,2.48,0.77,0.53,0.12,0,0.06
2025,11,TB,5.22,26,1.96,0.56,0.42,0.09,0,0.05
2025,11,TEN,5.79,21,2.24,0.66,0.53,0.07,0,0.07
2025,11,WAS,5.83,24.75,2.13,0.66,0.46,0.1,0,0.05
2025,12,ARI,6.37,24.75,2.4,0.72,0.48,0.12,0,0.06
2025,12,ATL,6.91,21.25,2.72,0.81,0.59,0.07,0,0.07
2025,12,BAL,7.52,15.5,2.53,0.84,0.56,0.17,0.06,0.06
2025,12,BUF,7.04,19.5,2.46,0.71,0.55,0.16,0.05,0.05
2025,12,CAR,5.2,28.25,2.05,0.58,0.47,0.06,0,0.06
2025,12,CHI,6.85,21.75,2.56,0.77,0.51,0.13,0,0.06
2025,12,CIN,5.07,28.75,1.94,0.57,0.38,0.09,0,0.05
2025,12,CLE,6.85,19.5,2.66,0.73,0.53,0.13,0,0.07
2025,12,DAL,5.6,25.5,1.89,0.61,0.41,0.1,0,0.05
2025,12,DET,7.44,18.5,2.56,0.76,0.58,0.17,0.06,0.06
2025,12,GB,7.37,17.5,2.68,0.74,0.57,0.17,0,0.06
2025,12,HOU,6.27,24.5,2.17,0.66,0.47,0.14,0.05,0.05
2025,12,IND,5.46,26.5,2.08,0.62,0.42,0.1,0,0.05
2025,12,JAX,6.53,22.25,2.64,0.76,0.56,0.07,0,0.07
2025,12,KC,6.45,23,2.18,0.66,0.51,0.15,0.05,0.05
2025,12,LA,6.99,21.5,2.71,0.72,0.54,0.12,0,0.06
2025,12,LV,6.96,16.5,2.77,0.82,0.6,0.07,0,0.07
2025,12,MIN,6.2,24,2.11,0.66,0.47,0.14,0.05,0.05
2025,12,NE,6.67,21.75,2.47,0.74,0.49,0.12,0,0.06
2025,12,NO,6.92,19.75,2.61,0.74,0.52,0.07,0,0.07
2025,12,NYG,4.37,32,1.67,0.49,0.37,0.08,0,0.04
2025,12,NYJ,4.27,29,1.5,0.46,0.31,0.08,0,0.04
2025,12,PHI,6.51,22.5,2.14,0.76,0.47,0.14,0.05,0.05
2025,12,PIT,6.66,24.25,2.29,0.71,0.51,0.15,0.05,0.05
2025,12,SEA,8.11,14.75,2.99,0.92,0.64,0.14,0,0.07
2025,12,SF,6.91,20.75,2.55,0.79,0.55,0.12,0,0.06
2025,12,TB,5.28,28.5,1.98,0.57,0.42,0.09,0,0.05
2025,12,TEN,4.45,26.75,1.72,0.51,0.4,0.05,0,0.05
2025,13,ARI,5.19,24.25,1.96,0.59,0.39,0.1,0,0.05
2025,13,ATL,6.83,17.75,2.69,0.8,0.58,0.07,0,0.07
2025,13,BAL,7.14,22.25,2.4,0.8,0.53,0.16,0.05,0.05
2025,13,BUF,6.64,20.75,2.32,0.67,0.51,0.15,0.05,0.05
2025,13,CAR,4.51,27.5,1.78,0.51,0.41,0.05,0,0.05
2025,13,CHI,5.19,25,1.94,0.58,0.39,0.1,0,0.05
2025,13,CIN,4.62,30.25,1.77,0.52,0.35,0.09,0,0.04
2025,13,CLE,5.34,20,2.07,0.57,0.41,0.1,0,0.05
2025,13,DAL,5.58,28.5,1.88,0.61,0.41,0.1,0,0.05
2025,13,DEN,6.96,18.75,2.41,0.73,0.52,0.16,0.05,0.05
2025,13,DET,6.55,22.5,2.25,0.67,0.51,0.15,0.05,0.05
2025,13,GB,5.82,25.5,2.12,0.59,0.45,0.14,0,0.05
2025,13,HOU,6.94,23.75,2.4,0.73,0.52,0.16,0.05,0.05
2025,13,IND,6.73,20.75,2.56,0.77,0.51,0.13,0,0.06
2025,13,JAX,7.66,18.25,3.1,0.9,0.65,0.08,0,0.08
2025,13,KC,6.66,25,2.26,0.68,0.52,0.16,0.05,0.05
2025,13,LA,7.69,17.5,2.98,0.8,0.6,0.13,0,0.07
2025,13,LAC,7.29,15.25,2.54,0.78,0.52,0.13,0,0.07
2025,13,LV,4.51,25.25,1.79,0.53,0.39,0.05,0,0.05
2025,13,MIA,7.21,18,2.7,0.77,0.58,0.13,0,0.06
2025,13,MIN,5.14,26.75,1.75,0.54,0.39,0.12,0.04,0.04
2025,13,NE,7.48,19.75,2.77,0.83,0.55,0.14,0,0.07
2025,13,NO,5.72,23.5,2.15,0.61,0.43,0.06,0,0.06
2025,13,NYG,5.07,26.75,1.94,0.57,0.43,0.09,0,0.05
2025,13,NYJ,6.55,20.75,2.3,0.71,0.47,0.12,0,0.06
2025,13,PHI,6.95,18,2.28,0.81,0.51,0.15,0.05,0.05
2025,13,PIT,6.1,23.75,2.09,0.65,0.47,0.14,0.05,0.05
2025,13,SEA,8.04,14.75,2.96,0.92,0.63,0.14,0,0.07
2025,13,SF,6.83,15,2.52,0.78,0.54,0.12,0,0.06
2025,13,TB,6.9,20.25,2.59,0.74,0.55,0.12,0,0.06
2025,13,TEN,5.29,24.25,2.04,0.6,0.48,0.06,0,0.06
2025,13,WAS,5.91,24.75,2.16,0.67,0.46,0.1,0,0.05
2025,14,ARI,5.32,29.25,2.01,0.6,0.4,0.1,0,0.05
2025,14,ATL,5.16,25.5,2.03,0.6,0.44,0.05,0,0.05
2025,14,BAL,7.18,19.25,2.41,0.8,0.54,0.16,0.05,0.05
2025,14,BUF,6.61,24.25,2.31,0.67,0.51,0.15,0.05,0.05
2025,14,CHI,5.53,25,2.07,0.62,0.41,0.1,0,0.05
2025,14,CIN,4.65,30.25,1.78,0.52,0.35,0.09,0,0.04
2025,14,CLE,7.42,14.75,2.88,0.79,0.58,0.14,0,0.07
2025,14,DAL,4.93,29.5,1.66,0.54,0.36,0.09,0,0.04
2025,14,DEN,7.74,16,2.68,0.81,0.58,0.17,0.06,0.06
2025,14,DET,6.32,26,2.17,0.64,0.49,0.15,0.05,0.05
2025,14,GB,6.86,18.5,2.5,0.69,0.53,0.16,0,0.05
2025,14,HOU,5.79,23,2,0.61,0.44,0.13,0.04,0.04
2025,14,IND,6.35,21.25,2.42,0.73,0.48,0.12,0,0.06
2025,14,JAX,6.08,23.75,2.46,0.71,0.52,0.06,0,0.06
2025,14,KC,6.98,18.5,2.36,0.71,0.55,0.16,0.05,0.05
2025,14,LA,7.22,19.75,2.8,0.75,0.56,0.12,0,0.06
2025,14,LAC,6.61,21.75,2.3,0.71,0.47,0.12,0,0.06
2025,14,LV,5.06,24.5,2.01,0.6,0.44,0.05,0,0.05
2025,14,MIA,6.83,19.5,2.56,0.73,0.55,0.12,0,0.06
2025,14,MIN,6.8,21.5,2.32,0.72,0.52,0.15,0.05,0.05
2025,14,NO,4.92,24.5,1.85,0.53,0.37,0.05,0,0.05
2025,14,NYJ,6.09,22,2.14,0.66,0.44,0.11,0,0.05
2025,14,PHI,6.65,20.25,2.18,0.78,0.49,0.15,0.05,0.05
2025,14,PIT,6,24.75,2.06,0.64,0.46,0.14,0.05,0.05
2025,14,SEA,7.38,19,2.72,0.84,0.58,0.13,0,0.06
2025,14,TB,7.33,17,2.75,0.79,0.59,0.13,0,0.07
2025,14,TEN,6.49,18.25,2.51,0.74,0.59,0.07,0,0.07
2025,14,WAS,6.75,22.5,2.46,0.76,0.53,0.12,0,0.06
2025,15,ARI,5.72,26,2.16,0.65,0.43,0.11,0,0.05
2025,15,ATL,5.32,24.5,2.09,0.62,0.45,0.06,0,0.06
2025,15,BAL,6.12,24.25,2.06,0.69,0.46,0.14,0.05,0.05
2025,15,BUF,6.1,23.5,2.13,0.61,0.47,0.14,0.05,0.05
2025,15,CAR,6.97,19.5,2.74,0.78,0.63,0.08,0,0.08
2025,15,CHI,7.43,15.25,2.78,0.83,0.56,0.14,0,0.07
2025,15,CIN,5.68,27.25,2.18,0.64,0.43,0.11,0,0.05
2025,15,CLE,5.94,22.75,2.31,0.63,0.46,0.12,0,0.06
2025,15,DAL,6.94,21.25,2.33,0.76,0.5,0.13,0,0.06
2025,15,DEN,6.57,21.75,2.27,0.69,0.49,0.15,0.05,0.05
2025,15,DET,5.82,30.5,2,0.59,0.45,0.14,0.05,0.05
2025,15,GB,6.78,20.75,2.47,0.68,0.53,0.16,0,0.05
2025,15,HOU,7.69,16,2.66,0.81,0.58,0.17,0.06,0.06
2025,15,IND,5.15,27.25,1.96,0.59,0.39,0.1,0,0.05
2025,15,JAX,7.9,13.5,3.2,0.92,0.67,0.08,0,0.08
2025,15,KC,7.07,17.75,2.39,0.72,0.56,0.17,0.06,0.06
2025,15,LA,6.82,24.5,2.65,0.71,0.53,0.12,0,0.06
2025,15,LAC,4.93,23.75,1.72,0.53,0.35,0.09,0,0.04
2025,15,LV,4.01,24.75,1.6,0.47,0.35,0.04,0,0.04
2025,15,MIA,5.8,22.75,2.18,0.62,0.47,0.1,0,0.05
2025,15,MIN,6.12,26.25,2.09,0.65,0.46,0.14,0.05,0.05
2025,15,NE,5.99,26,2.22,0.67,0.44,0.11,0,0.06
2025,15,NO,6.65,22,2.5,0.72,0.5,0.07,0,0.07
2025,15,NYG,6.3,21.5,2.42,0.71,0.53,0.12,0,0.06
2025,15,NYJ,4.92,27,1.73,0.53,0.35,0.09,0,0.04
2025,15,PHI,8.01,12.25,2.63,0.94,0.58,0.18,0.06,0.06
2025,15,PIT,6.94,19.75,2.38,0.74,0.53,0.16,0.05,0.05
2025,15,SEA,7.74,14.25,2.85,0.88,0.61,0.14,0,0.07
2025,15,SF,7.83,16,2.88,0.89,0.62,0.14,0,0.07
2025,15,TB,7.33,19,2.75,0.79,0.59,0.13,0,0.07
2025,15,TEN,4.38,28.5,1.69,0.5,0.4,0.05,0,0.05
2025,15,WAS,5.95,24,2.17,0.67,0.47,0.1,0,0.05
2025,16,ARI,6.39,25.5,2.41,0.72,0.48,0.12,0,0.06
2025,16,ATL,6.9,23,2.72,0.81,0.59,0.07,0,0.07
2025,16,BAL,6.72,22.25,2.26,0.75,0.5,0.15,0.05,0.05
2025,16,BUF,7.59,15.25,2.65,0.76,0.59,0.18,0.06,0.06
2025,16,CAR,5.43,24,2.14,0.61,0.49,0.06,0,0.06
2025,16,CHI,6.17,21.75,2.31,0.69,0.46,0.12,0,0.06
2025,16,CIN,6.52,22.5,2.5,0.73,0.49,0.12,0,0.06
2025,16,CLE,5,25.75,1.94,0.53,0.39,0.1,0,0.05
2025,16,DAL,6.43,24.5,2.16,0.7,0.47,0.12,0,0.06
2025,16,DEN,6.86,21.75,2.37,0.72,0.52,0.15,0.05,0.05
2025,16,DET,6.76,22.25,2.33,0.69,0.53,0.16,0.05,0.05
2025,16,GB,6.56,22.75,2.39,0.66,0.51,0.15,0,0.05
2025,16,HOU,8.37,12.75,2.9,0.88,0.63,0.19,0.06,0.06
2025,16,IND,6.13,25.25,2.34,0.7,0.47,0.12,0,0.06
2025,16,JAX,6.08,25.25,2.46,0.71,0.52,0.06,0,0.06
2025,16,KC,7.5,17.25,2.54,0.77,0.59,0.18,0.06,0.06
2025,16,LA,6.85,21.75,2.66,0.71,0.53,0.12,0,0.06
2025,16,LAC,6.38,26,2.22,0.68,0.46,0.11,0,0.06
2025,16,LV,4.64,26.75,1.85,0.55,0.4,0.05,0,0.05
2025,16,MIA,6.03,26,2.26,0.65,0.48,0.11,0,0.05
2025,16,MIN,6.9,19.5,2.35,0.73,0.52,0.16,0.05,0.05
2025,16,NE,5.98,25.75,2.22,0.66,0.44,0.11,0,0.06
2025,16,NO,7.34,16.75,2.76,0.79,0.55,0.08,0,0.08
2025,16,NYG,6.23,22,2.39,0.7,0.52,0.12,0,0.06
2025,16,NYJ,6.31,23.25,2.22,0.68,0.45,0.11,0,0.06
2025,16,PHI,7.18,18.5,2.36,0.84,0.52,0.16,0.05,0.05
2025,16,PIT,5.42,29.75,1.86,0.58,0.41,0.12,0.04,0.04
2025,16,SEA,6.92,20.25,2.55,0.79,0.55,0.12,0,0.06
2025,16,SF,6.79,21.25,2.5,0.77,0.54,0.12,0,0.06
2025,16,TB,7,21,2.63,0.75,0.56,0.13,0,0.06
2025,16,TEN,5.14,20.25,1.99,0.58,0.47,0.06,0,0.06
2025,16,WAS,5.76,25.5,2.1,0.65,0.45,0.1,0,0.05
2025,17,ARI,6.55,29.75,2.47,0.74,0.49,0.12,0,0.06
2025,17,ATL,5.36,28,2.11,0.63,0.46,0.06,0,0.06
2025,17,BAL,5.9,20.75,1.98,0.66,0.44,0.13,0.04,0.04
2025,17,BUF,6.82,21,2.38,0.69,0.53,0.16,0.05,0.05
2025,17,CAR,5.18,24.5,2.04,0.58,0.47,0.06,0,0.06
2025,17,CHI,6.24,27.5,2.33,0.7,0.47,0.12,0,0.06
2025,17,CIN,6.57,22.75,2.52,0.74,0.49,0.12,0,0.06
2025,17,CLE,5.84,19.75,2.27,0.62,0.45,0.11,0,0.06
2025,17,DAL,6.54,20.75,2.2,0.71,0.48,0.12,0,0.06
2025,17,DEN,6.18,12.25,2.14,0.65,0.46,0.14,0.05,0.05
2025,17,DET,7.56,19,2.6,0.77,0.59,0.18,0.06,0.06
2025,17,GB,6.3,17.75,2.29,0.63,0.49,0.15,0,0.05
2025,17,HOU,6.43,20.5,2.22,0.68,0.48,0.15,0.05,0.05
2025,17,IND,6.61,26.25,2.52,0.76,0.5,0.13,0,0.06
2025,17,JAX,6.75,22.25,2.73,0.79,0.57,0.07,0,0.07
2025,17,KC,5.36,25.75,1.81,0.55,0.42,0.13,0.04,0.04
2025,17,LA,7.45,21,2.89,0.77,0.58,0.13,0,0.06
2025,17,LAC,6.77,19,2.36,0.73,0.48,0.12,0,0.06
2025,17,LV,5.87,21.5,2.34,0.69,0.51,0.06,0,0.06
2025,17,MIA,5.53,24.5,2.07,0.59,0.44,0.1,0,0.05
2025,17,MIN,5.22,26,1.78,0.55,0.4,0.12,0.04,0.04
2025,17,NE,7.92,14.5,2.93,0.88,0.59,0.15,0,0.07
2025,17,NO,7.03,19,2.65,0.76,0.53,0.08,0,0.08
2025,17,NYG,6.16,18.5,2.36,0.69,0.52,0.12,0,0.06
2025,17,NYJ,4.8,27.5,1.69,0.52,0.35,0.09,0,0.04
2025,17,PHI,5.7,24,1.87,0.67,0.42,0.12,0.04,0.04
2025,17,PIT,7.59,15.75,2.61,0.81,0.58,0.17,0.06,0.06
2025,17,SEA,7.74,18,2.85,0.88,0.61,0.14,0,0.07
2025,17,SF,6.68,24,2.46,0.76,0.53,0.12,0,0.06
2025,17,TB,7.13,19.5,2.67,0.76,0.57,0.13,0,0.06
2025,17,TEN,6.53,20,2.52,0.74,0.59,0.07,0,0.07
2025,17,WAS,5.68,29.75,2.07,0.64,0.44,0.1,0,0.05
2025,18,ARI,5.43,31.5,2.05,0.62,0.41,0.1,0,0.05
2025,18,ATL,6.58,19.75,2.59,0.77,0.56,0.07,0,0.07
2025,18,BAL,7.2,18.5,2.42,0.81,0.54,0.16,0.05,0.05
2025,18,BUF,7.8,13.5,2.72,0.79,0.6,0.18,0.06,0.06
2025,18,CAR,5.48,23,2.16,0.62,0.49,0.06,0,0.06
2025,18,CHI,6.59,23.75,2.46,0.74,0.49,0.12,0,0.06
2025,18,CIN,7.25,18.75,2.78,0.81,0.54,0.14,0,0.07
2025,18,CLE,6.2,28.25,2.41,0.66,0.48,0.12,0,0.06
2025,18,DAL,6.07,23.5,2.04,0.66,0.44,0.11,0,0.06
2025,18,DEN,7.97,11.25,2.76,0.84,0.6,0.18,0.06,0.06
2025,18,DET,5.75,27.25,1.98,0.58,0.45,0.13,0.04,0.04
2025,18,GB,6.13,24.75,2.23,0.62,0.47,0.14,0,0.05
2025,18,HOU,7.53,14,2.6,0.79,0.57,0.17,0.06,0.06
2025,18,IND,5.49,23.5,2.09,0.63,0.42,0.1,0,0.05
2025,18,JAX,7.52,16.75,3.04,0.88,0.64,0.08,0,0.08
2025,18,KC,7.04,16,2.38,0.72,0.55,0.17,0.06,0.06
2025,18,LA,7.87,17.5,3.05,0.81,0.61,0.14,0,0.07
2025,18,LAC,4.73,26.25,1.65,0.51,0.34,0.08,0,0.04
2025,18,LV,5.54,19.5,2.21,0.66,0.48,0.06,0,0.06
2025,18,MIA,5.55,29.25,2.08,0.59,0.45,0.1,0,0.05
2025,18,MIN,7.96,12.25,2.71,0.84,0.6,0.18,0.06,0.06
2025,18,NE,7.36,15.25,2.73,0.82,0.55,0.14,0,0.07
2025,18,NO,6.01,23.75,2.26,0.65,0.45,0.06,0,0.06
2025,18,NYG,5.42,26.5,2.08,0.61,0.46,0.1,0,0.05
2025,18,NYJ,5.47,25.5,1.92,0.59,0.39,0.1,0,0.05
2025,18,PHI,7.26,18,2.39,0.85,0.53,0.16,0.05,0.05
2025,18,PIT,6.35,23,2.18,0.68,0.48,0.15,0.05,0.05
2025,18,SEA,6.41,22.5,2.36,0.73,0.51,0.11,0,0.06
2025,18,SF,6.01,25,2.21,0.69,0.47,0.11,0,0.05
2025,18,TB,6.95,20,2.61,0.74,0.56,0.12,0,0.06
2025,18,TEN,4.45,29.25,1.72,0.51,0.4,0.05,0,0.05
2025,18,WAS,5.58,21,2.04,0.63,0.44,0.1,0,0.05
2026,1,ARI,3.45,28.5,1.87,0.44,0.38,0.05,0,0.05
2026,1,ATL,5.71,23.5,2.19,0.59,0.48,0.11,0,0.05
2026,1,BAL,7.36,22.5,2.61,0.81,0.58,0.17,0,0.06
2026,1,BUF,6.57,21.5,2.43,0.73,0.55,0.12,0,0.06
2026,1,CAR,5.98,25,2.26,0.64,0.52,0.06,0,0.06
2026,1,CHI,6.8,22,2.56,0.75,0.56,0.12,0,0.06
2026,1,CIN,6.19,23.5,2.54,0.72,0.52,0.07,0,0.07
2026,1,CLE,5.11,24.25,1.86,0.52,0.41,0.1,0,0.05
2026,1,DAL,6.79,22.5,2.64,0.75,0.57,0.06,0,0.06
2026,1,DEN,7.17,23,2.55,0.74,0.48,0.21,0,0.05
2026,1,DET,7.37,21.5,2.56,0.79,0.67,0.12,0,0.06
2026,1,GB,6.85,24,2.46,0.7,0.53,0.18,0,0.06
2026,1,HOU,7.04,23,2.24,0.75,0.51,0.19,0.05,0.05
2026,1,IND,5.64,25.5,2.11,0.63,0.47,0.11,0,0.05
2026,1,JAX,9.47,15.75,2.99,0.9,0.69,0.21,0,0.07
2026,1,KC,8.53,20.5,2.74,0.77,0.57,0.19,0,0.06
2026,1,LA,7.03,22,2.41,0.69,0.51,0.19,0.05,0.05
2026,1,LAC,8.32,19,3.07,0.88,0.66,0.15,0,0.07
2026,1,LV,8.54,18.75,3.11,0.75,0.66,0.09,0,0.09
2026,1,MIA,6.32,21.75,2.79,0.57,0.49,0.08,0,0.08
2026,1,MIN,7.31,22.5,2.59,0.77,0.59,0.12,0,0.06
2026,1,NE,6.69,23.75,2.37,0.7,0.54,0.11,0,0.05
2026,1,NO,3.82,28.5,2.02,0.52,0.41,0,0,0.05
2026,1,NYG,5.69,25.5,2.21,0.63,0.47,0.11,0,0.05
2026,1,NYJ,7.79,20,2.92,0.6,0.6,0.09,0,0.09
2026,1,PHI,8.7,19.5,2.57,0.84,0.56,0.22,0.06,0.06
2026,1,PIT,9.21,17.5,3.08,0.95,0.66,0.15,0,0.07
2026,1,SEA,8.81,20.75,2.45,0.83,0.57,0.21,0.05,0.05
2026,1,SF,5.66,25.5,2.14,0.64,0.48,0.11,0,0.05
2026,1,TB,5.58,27,2.2,0.59,0.43,0.11,0,0.05
2026,1,TEN,8.06,18.5,2.81,0.77,0.6,0.09,0,0.09
2026,1,WAS,4.74,24.5,2.05,0.53,0.37,0.05,0,0.05
2026,2,ARI,4.32,27,1.82,0.43,0.37,0.05,0,0.05
2026,2,ATL,6.89,21,2.64,0.71,0.58,0.13,0,0.06
2026,2,BAL,9.35,19.5,2.96,0.92,0.66,0.2,0,0.07
2026,2,BUF,6.72,24.25,2.49,0.75,0.56,0.12,0,0.06
2026,2,CAR,6.46,22.5,2.45,0.69,0.56,0.06,0,0.06
2026,2,CHI,6.84,21.25,2.57,0.75,0.57,0.13,0,0.06
2026,2,CIN,6.01,24,2.47,0.7,0.51,0.06,0,0.06
2026,2,CLE,5.18,24,1.88,0.52,0.42,0.1,0,0.05
2026,2,DAL,7.08,23.5,2.75,0.79,0.59,0.07,0,0.07
2026,2,DEN,7.87,20.75,2.44,0.71,0.46,0.2,0,0.05
2026,2,DET,6.21,27.25,2.16,0.67,0.56,0.1,0,0.05
2026,2,GB,9.02,18.5,2.88,0.82,0.62,0.21,0,0.07
2026,2,HOU,6.9,21.5,2.19,0.73,0.5,0.18,0.05,0.05
2026,2,IND,5.2,27,1.94,0.58,0.44,0.1,0,0.05
2026,2,JAX,6.23,23.75,2.2,0.66,0.51,0.15,0,0.05
2026,2,KC,8.83,20.5,2.85,0.8,0.6,0.2,0,0.07
2026,2,LA,9.47,20,2.9,0.84,0.61,0.22,0.06,0.06
2026,2,LAC,8.9,16.5,3.32,0.95,0.71,0.16,0,0.08
2026,2,LV,4.19,26,1.73,0.42,0.37,0.05,0,0.05
2026,2,MIA,3.15,28.5,1.83,0.38,0.32,0.05,0,0.05
2026,2,MIN,6.39,24.25,2.27,0.67,0.52,0.1,0,0.05
2026,2,NE,8.6,19.5,2.7,0.8,0.61,0.12,0,0.06
2026,2,NO,4.95,27,2.08,0.53,0.43,0,0,0.05
2026,2,NYG,2.93,28.5,1.53,0.44,0.33,0.07,0,0.04
2026,2,NYJ,4.73,24,2.04,0.42,0.42,0.06,0,0.06
2026,2,PHI,9.71,18.5,2.9,0.95,0.63,0.25,0.06,0.06
2026,2,PIT,5.9,24,2.21,0.68,0.47,0.11,0,0.05
2026,2,SEA,9.53,17.5,2.67,0.91,0.63,0.23,0.06,0.06
2026,2,SF,9.44,18,3.19,0.96,0.72,0.16,0,0.08
2026,2,TB,9.5,17.5,3.35,0.9,0.65,0.16,0,0.08
2026,2,TEN,5.06,24,2.01,0.55,0.43,0.06,0,0.06
2026,2,WAS,4.1,28,2.21,0.57,0.4,0.06,0,0.06
2026,3,ARI,4.76,22.75,2,0.47,0.41,0.06,0,0.06
2026,3,ATL,5.98,22.75,2.29,0.61,0.5,0.11,0,0.06
2026,3,BAL,6.2,22.75,2.2,0.68,0.49,0.15,0,0.05
2026,3,BUF,6.35,22.75,2.35,0.71,0.53,0.12,0,0.06
2026,3,CAR,7.45,22.75,2.82,0.8,0.65,0.07,0,0.07
2026,3,CHI,6.41,22.75,2.41,0.71,0.53,0.12,0,0.06
2026,3,CIN,5.92,22.75,2.43,0.69,0.5,0.06,0,0.06
2026,3,CLE,6.76,22.75,2.46,0.68,0.55,0.14,0,0.07
2026,3,DAL,6.04,22.75,2.35,0.67,0.5,0.06,0,0.06
2026,3,DEN,6.59,22.75,2.34,0.68,0.44,0.2,0,0.05
2026,3,DET,7.97,22.75,2.77,0.86,0.72,0.13,0,0.07
2026,3,GB,7.71,22.75,2.77,0.79,0.59,0.2,0,0.07
2026,3,HOU,7.28,22.75,2.32,0.77,0.53,0.19,0.05,0.05
2026,3,IND,6.61,22.75,2.47,0.74,0.56,0.12,0,0.06
2026,3,JAX,6.6,22.75,2.33,0.7,0.54,0.16,0,0.05
2026,3,KC,7.77,22.75,2.83,0.79,0.59,0.2,0,0.07
2026,3,LA,7.15,22.75,2.45,0.71,0.52,0.19,0.05,0.05
2026,3,LAC,5.29,22.75,2.22,0.64,0.48,0.11,0,0.05
2026,3,LV,5.41,22.75,2.23,0.54,0.47,0.07,0,0.07
2026,3,MIA,4.76,22.75,2.1,0.43,0.37,0.06,0,0.06
2026,3,MIN,6.78,22.75,2.41,0.71,0.55,0.11,0,0.05
2026,3,NE,6.56,22.75,2.33,0.69,0.53,0.11,0,0.05
2026,3,NO,7.11,22.75,2.98,0.76,0.61,0,0,0.08
2026,3,NYG,7.62,22.75,2.96,0.85,0.64,0.14,0,0.07
2026,3,NYJ,4.41,22.75,1.9,0.39,0.39,0.06,0,0.06
2026,3,PHI,6.66,22.75,2.22,0.72,0.48,0.19,0.05,0.05
2026,3,PIT,6.59,22.75,2.47,0.76,0.53,0.12,0,0.06
2026,3,SEA,7.68,22.75,2.41,0.82,0.56,0.2,0.05,0.05
2026,3,SF,7.79,22.75,2.94,0.88,0.66,0.15,0,0.07
2026,3,TB,6.61,22.75,2.6,0.7,0.51,0.13,0,0.06
2026,3,TEN,6.1,22.75,2.43,0.66,0.51,0.07,0,0.07
2026,3,WAS,5.56,22.75,2.41,0.62,0.43,0.06,0,0.06
2026,4,ARI,5.96,22.75,2.5,0.59,0.51,0.07,0,0.07
2026,4,ATL,6.29,22.75,2.41,0.65,0.53,0.12,0,0.06
2026,4,BAL,8.37,22.75,2.96,0.92,0.66,0.2,0,0.07
2026,4,BUF,6.35,22.75,2.35,0.71,0.53,0.12,0,0.06
2026,4,CAR,5.88,22.75,2.23,0.63,0.51,0.06,0,0.06
2026,4,CHI,7.82,22.75,2.94,0.86,0.65,0.14,0,0.07
2026,4,CIN,5.87,22.75,2.41,0.68,0.49,0.06,0,0.06
2026,4,CLE,6.23,22.75,2.27,0.63,0.5,0.13,0,0.06
2026,4,DAL,6.29,22.75,2.45,0.7,0.52,0.06,0,0.06
2026,4,DEN,6.75,22.75,2.4,0.7,0.45,0.2,0,0.05
2026,4,DET,6.9,22.75,2.4,0.74,0.63,0.11,0,0.06
2026,4,GB,6.4,22.75,2.3,0.66,0.49,0.16,0,0.05
2026,4,HOU,6.66,22.75,2.12,0.71,0.49,0.18,0.04,0.04
2026,4,IND,6.48,22.75,2.42,0.73,0.55,0.12,0,0.06
2026,4,JAX,6.1,22.75,2.15,0.65,0.5,0.15,0,0.05
2026,4,KC,7.64,22.75,2.78,0.78,0.58,0.19,0,0.06
2026,4,LA,6.71,22.75,2.29,0.66,0.49,0.18,0.04,0.04
2026,4,LAC,5.76,22.75,2.42,0.69,0.52,0.12,0,0.06
2026,4,LV,4.71,22.75,1.94,0.47,0.41,0.06,0,0.06
2026,4,MIA,4.98,22.75,2.2,0.45,0.39,0.06,0,0.06
2026,4,MIN,8.39,22.75,2.98,0.88,0.68,0.14,0,0.07
2026,4,NE,5.84,22.75,2.07,0.61,0.47,0.09,0,0.05
2026,4,NO,6.73,22.75,2.82,0.72,0.58,0,0,0.07
2026,4,NYG,7.31,22.75,2.84,0.81,0.61,0.14,0,0.07
2026,4,NYJ,4.88,22.75,2.1,0.43,0.43,0.06,0,0.06
2026,4,PHI,6.49,22.75,2.16,0.71,0.47,0.19,0.05,0.05
2026,4,PIT,7.84,22.75,2.94,0.91,0.63,0.14,0,0.07
2026,4,SEA,7.06,22.75,2.21,0.75,0.52,0.19,0.05,0.05
2026,4,SF,6.42,22.75,2.42,0.73,0.55,0.12,0,0.06
2026,4,TB,6.61,22.75,2.6,0.7,0.51,0.13,0,0.06
2026,4,TEN,4.88,22.75,1.94,0.53,0.41,0.06,0,0.06
2026,4,WAS,6.25,22.75,2.71,0.69,0.49,0.07,0,0.07
2026,5,ARI,4.76,22.75,2,0.47,0.41,0.06,0,0.06
2026,5,ATL,6.29,22.75,2.41,0.65,0.53,0.12,0,0.06
2026,5,BAL,7.47,22.75,2.65,0.82,0.59,0.18,0,0.06
2026,5,BUF,6.35,22.75,2.35,0.71,0.53,0.12,0,0.06
2026,5,CHI,6.41,22.75,2.41,0.71,0.53,0.12,0,0.06
2026,5,CIN,5.59,22.75,2.29,0.65,0.47,0.06,0,0.06
2026,5,CLE,5.82,22.75,2.12,0.59,0.47,0.12,0,0.06
2026,5,DAL,6.35,22.75,2.47,0.71,0.53,0.06,0,0.06
2026,5,DEN,7.94,22.75,2.82,0.82,0.53,0.24,0,0.06
2026,5,DET,7.12,22.75,2.47,0.76,0.65,0.12,0,0.06
2026,5,GB,6.88,22.75,2.47,0.71,0.53,0.18,0,0.06
2026,5,HOU,8.88,22.75,2.82,0.94,0.65,0.24,0.06,0.06
2026,5,IND,6.29,22.75,2.35,0.71,0.53,0.12,0,0.06
2026,5,JAX,7.18,22.75,2.53,0.76,0.59,0.18,0,0.06
2026,5,LA,8.94,22.75,3.06,0.88,0.65,0.24,0.06,0.06
2026,5,LAC,5.88,22.75,2.47,0.71,0.53,0.12,0,0.06
2026,5,LV,4.71,22.75,1.94,0.47,0.41,0.06,0,0.06
2026,5,MIA,4.53,22.75,2,0.41,0.35,0.06,0,0.06
2026,5,MIN,7.29,22.75,2.59,0.76,0.59,0.12,0,0.06
2026,5,NE,7.29,22.75,2.59,0.76,0.59,0.12,0,0.06
2026,5,NO,5.47,22.75,2.29,0.59,0.47,0,0,0.06
2026,5,NYG,6.35,22.75,2.47,0.71,0.53,0.12,0,0.06
2026,5,NYJ,4.65,22.75,2,0.41,0.41,0.06,0,0.06
2026,5,PHI,8.12,22.75,2.71,0.88,0.59,0.24,0.06,0.06
2026,5,PIT,6.59,22.75,2.47,0.76,0.53,0.12,0,0.06
2026,5,SEA,8.82,22.75,2.76,0.94,0.65,0.24,0.06,0.06
2026,5,SF,6.24,22.75,2.35,0.71,0.53,0.12,0,0.06
2026,5,TB,6.12,22.75,2.41,0.65,0.47,0.12,0,0.06
2026,5,TEN,4.88,22.75,1.94,0.53,0.41,0.06,0,0.06
2026,5,WAS,5.29,22.75,2.29,0.59,0.41,0.06,0,0.06
2026,6,ARI,4.76,22.75,2,0.47,0.41,0.06,0,0.06
2026,6,ATL,6.29,22.75,2.41,0.65,0.53,0.12,0,0.06
2026,6,BAL,7.47,22.75,2.65,0.82,0.59,0.18,0,0.06
2026,6,BUF,6.35,22.75,2.35,0.71,0.53,0.12,0,0.06
2026,6,CAR,6.06,22.75,2.29,0.65,0.53,0.06,0,0.06
2026,6,CHI,6.41,22.75,2.41,0.71,0.53,0.12,0,0.06
2026,6,CLE,5.82,22.75,2.12,0.59,0.47,0.12,0,0.06
2026,6,DAL,6.35,22.75,2.47,0.71,0.53,0.06,0,0.06
2026,6,DEN,7.94,22.75,2.82,0.82,0.53,0.24,0,0.06
2026,6,GB,6.88,22.75,2.47,0.71,0.53,0.18,0,0.06
2026,6,HOU,8.88,22.75,2.82,0.94,0.65,0.24,0.06,0.06
2026,6,IND,6.29,22.75,2.35,0.71,0.53,0.12,0,0.06
2026,6,JAX,7.18,22.75,2.53,0.76,0.59,0.18,0,0.06
2026,6,KC,6.94,22.75,2.53,0.71,0.53,0.18,0,0.06
2026,6,LA,8.94,22.75,3.06,0.88,0.65,0.24,0.06,0.06
2026,6,LAC,5.88,22.75,2.47,0.71,0.53,0.12,0,0.06
2026,6,LV,4.71,22.75,1.94,0.47,0.41,0.06,0,0.06
2026,6,NE,7.29,22.75,2.59,0.76,0.59,0.12,0,0.06
2026,6,NO,5.47,22.75,2.29,0.59,0.47,0,0,0.06
2026,6,NYG,6.35,22.75,2.47,0.71,0.53,0.12,0,0.06
2026,6,NYJ,4.65,22.75,2,0.41,0.41,0.06,0,0.06
2026,6,PHI,8.12,22.75,2.71,0.88,0.59,0.24,0.06,0.06
2026,6,PIT,6.59,22.75,2.47,0.76,0.53,0.12,0,0.06
2026,6,SEA,8.82,22.75,2.76,0.94,0.65,0.24,0.06,0.06
2026,6,SF,6.24,22.75,2.35,0.71,0.53,0.12,0,0.06
2026,6,TB,6.12,22.75,2.41,0.65,0.47,0.12,0,0.06
2026,6,TEN,4.88,22.75,1.94,0.53,0.41,0.06,0,0.06
2026,6,WAS,5.29,22.75,2.29,0.59,0.41,0.06,0,0.06
2026,7,ARI,4.76,22.75,2,0.47,0.41,0.06,0,0.06
2026,7,ATL,6.29,22.75,2.41,0.65,0.53,0.12,0,0.06
2026,7,BAL,7.47,22.75,2.65,0.82,0.59,0.18,0,0.06
2026,7,CAR,6.06,22.75,2.29,0.65,0.53,0.06,0,0.06
2026,7,CHI,6.41,22.75,2.41,0.71,0.53,0.12,0,0.06
2026,7,CIN,5.59,22.75,2.29,0.65,0.47,0.06,0,0.06
2026,7,CLE,5.82,22.75,2.12,0.59,0.47,0.12,0,0.06
2026,7,DAL,6.35,22.75,2.47,0.71,0.53,0.06,0,0.06
2026,7,DEN,7.94,22.75,2.82,0.82,0.53,0.24,0,0.06
2026,7,DET,7.12,22.75,2.47,0.76,0.65,0.12,0,0.06
2026,7,GB,6.88,22.75,2.47,0.71,0.53,0.18,0,0.06
2026,7,HOU,8.88,22.75,2.82,0.94,0.65,0.24,0.06,0.06
2026,7,IND,6.29,22.75,2.35,0.71,0.53,0.12,0,0.06
2026,7,KC,6.94,22.75,2.53,0.71,0.53,0.18,0,0.06
2026,7,LA,8.94,22.75,3.06,0.88,0.65,0.24,0.06,0.06
2026,7,LV,4.71,22.75,1.94,0.47,0.41,0.06,0,0.06
2026,7,MIA,4.53,22.75,2,0.41,0.35,0.06,0,0.06
2026,7,MIN,7.29,22.75,2.59,0.76,0.59,0.12,0,0.06
2026,7,NE,7.29,22.75,2.59,0.76,0.59,0.12,0,0.06
2026,7,NO,5.47,22.75,2.29,0.59,0.47,0,0,0.06
2026,7,NYG,6.35,22.75,2.47,0.71,0.53,0.12,0,0.06
2026,7,NYJ,4.65,22.75,2,0.41,0.41,0.06,0,0.06
2026,7,PHI,8.12,22.75,2.71,0.88,0.59,0.24,0.06,0.06
2026,7,PIT,6.59,22.75,2.47,0.76,0.53,0.12,0,0.06
2026,7,SEA,8.82,22.75,2.76,0.94,0.65,0.24,0.06,0.06
2026,7,SF,6.24,22.75,2.35,0.71,0.53,0.12,0,0.06
2026,7,TB,6.12,22.75,2.41,0.65,0.47,0.12,0,0.06
2026,7,TEN,4.88,22.75,1.94,0.53,0.41,0.06,0,0.06
2026,8,ARI,4.76,22.75,2,0.47,0.41,0.06,0,0.06
2026,8,ATL,6.29,22.75,2.41,0.65,0.53,0.12,0,0.06
2026,8,BAL,7.47,22.75,2.65,0.82,0.59,0.18,0,0.06
2026,8,BUF,6.35,22.75,2.35,0.71,0.53,0.12,0,0.06
2026,8,CAR,6.06,22.75,2.29,0.65,0.53,0.06,0,0.06
2026,8,CHI,6.41,22.75,2.41,0.71,0.53,0.12,0,0.06
2026,8,CIN,5.59,22.75,2.29,0.65,0.47,0.06,0,0.06
2026,8,CLE,5.82,22.75,2.12,0.59,0.47,0.12,0,0.06
2026,8,DAL,6.35,22.75,2.47,0.71,0.53,0.06,0,0.06
2026,8,DEN,7.94,22.75,2.82,0.82,0.53,0.24,0,0.06
2026,8,DET,7.12,22.75,2.47,0.76,0.65,0.12,0,0.06
2026,8,GB,6.88,22.75,2.47,0.71,0.53,0.18,0,0.06
2026,8,IND,6.29,22.75,2.35,0.71,0.53,0.12,0,0.06
2026,8,JAX,7.18,22.75,2.53,0.76,0.59,0.18,0,0.06
2026,8,KC,6.94,22.75,2.53,0.71,0.53,0.18,0,0.06
2026,8,LA,8.94,22.75,3.06,0.88,0.65,0.24,0.06,0.06
2026,8,LAC,5.88,22.75,2.47,0.71,0.53,0.12,0,0.06
2026,8,LV,4.71,22.75,1.94,0.47,0.41,0.06,0,0.06
2026,8,MIA,4.53,22.75,2,0.41,0.35,0.06,0,0.06
2026,8,MIN,7.29,22.75,2.59,0.76,0.59,0.12,0,0.06
2026,8,NE,7.29,22.75,2.59,0.76,0.59,0.12,0,0.06
2026,8,NYJ,4.65,22.75,2,0.41,0.41,0.06,0,0.06
2026,8,PHI,8.12,22.75,2.71,0.88,0.59,0.24,0.06,0.06
2026,8,PIT,6.59,22.75,2.47,0.76,0.53,0.12,0,0.06
2026,8,SEA,8.82,22.75,2.76,0.94,0.65,0.24,0.06,0.06
2026,8,TB,6.12,22.75,2.41,0.65,0.47,0.12,0,0.06
2026,8,TEN,4.88,22.75,1.94,0.53,0.41,0.06,0,0.06
2026,8,WAS,5.29,22.75,2.29,0.59,0.41,0.06,0,0.06
2026,9,ARI,4.76,22.75,2,0.47,0.41,0.06,0,0.06
2026,9,ATL,6.29,22.75,2.41,0.65,0.53,0.12,0,0.06
2026,9,BAL,7.47,22.75,2.65,0.82,0.59,0.18,0,0.06
2026,9,BUF,6.35,22.75,2.35,0.71,0.53,0.12,0,0.06
2026,9,CAR,6.06,22.75,2.29,0.65,0.53,0.06,0,0.06
2026,9,CHI,6.41,22.75,2.41,0.71,0.53,0.12,0,0.06
2026,9,CIN,5.59,22.75,2.29,0.65,0.47,0.06,0,0.06
2026,9,CLE,5.82,22.75,2.12,0.59,0.47,0.12,0,0.06
2026,9,DAL,6.35,22.75,2.47,0.71,0.53,0.06,0,0.06
2026,9,DEN,7.94,22.75,2.82,0.82,0.53,0.24,0,0.06
2026,9,DET,7.12,22.75,2.47,0.76,0.65,0.12,0,0.06
2026,9,GB,6.88,22.75,2.47,0.71,0.53,0.18,0,0.06
2026,9,HOU,8.88,22.75,2.82,0.94,0.65,0.24,0.06,0.06
2026,9,IND,6.29,22.75,2.35,0.71,0.53,0.12,0,0.06
2026,9,JAX,7.18,22.75,2.53,0.76,0.59,0.18,0,0.06
2026,9,KC,6.94,22.75,2.53,0.71,0.53,0.18,0,0.06
2026,9,LA,8.94,22.75,3.06,0.88,0.65,0.24,0.06,0.06
2026,9,LAC,5.88,22.75,2.47,0.71,0.53,0.12,0,0.06
2026,9,LV,4.71,22.75,1.94,0.47,0.41,0.06,0,0.06
2026,9,MIA,4.53,22.75,2,0.41,0.35,0.06,0,0.06
2026,9,MIN,7.29,22.75,2.59,0.76,0.59,0.12,0,0.06
2026,9,NE,7.29,22.75,2.59,0.76,0.59,0.12,0,0.06
2026,9,NO,5.47,22.75,2.29,0.59,0.47,0,0,0.06
2026,9,NYG,6.35,22.75,2.47,0.71,0.53,0.12,0,0.06
2026,9,NYJ,4.65,22.75,2,0.41,0.41,0.06,0,0.06
2026,9,PHI,8.12,22.75,2.71,0.88,0.59,0.24,0.06,0.06
2026,9,SEA,8.82,22.75,2.76,0.94,0.65,0.24,0.06,0.06
2026,9,SF,6.24,22.75,2.35,0.71,0.53,0.12,0,0.06
2026,9,TB,6.12,22.75,2.41,0.65,0.47,0.12,0,0.06
2026,9,WAS,5.29,22.75,2.29,0.59,0.41,0.06,0,0.06
2026,10,ARI,4.76,22.75,2,0.47,0.41,0.06,0,0.06
2026,10,ATL,6.29,22.75,2.41,0.65,0.53,0.12,0,0.06
2026,10,BAL,7.47,22.75,2.65,0.82,0.59,0.18,0,0.06
2026,10,BUF,6.35,22.75,2.35,0.71,0.53,0.12,0,0.06
2026,10,CAR,6.06,22.75,2.29,0.65,0.53,0.06,0,0.06
2026,10,CIN,5.59,22.75,2.29,0.65,0.47,0.06,0,0.06
2026,10,CLE,5.82,22.75,2.12,0.59,0.47,0.12,0,0.06
2026,10,DAL,6.35,22.75,2.47,0.71,0.53,0.06,0,0.06
2026,10,DET,7.12,22.75,2.47,0.76,0.65,0.12,0,0.06
2026,10,GB,6.88,22.75,2.47,0.71,0.53,0.18,0,0.06
2026,10,HOU,8.88,22.75,2.82,0.94,0.65,0.24,0.06,0.06
2026,10,IND,6.29,22.75,2.35,0.71,0.53,0.12,0,0.06
2026,10,JAX,7.18,22.75,2.53,0.76,0.59,0.18,0,0.06
2026,10,KC,6.94,22.75,2.53,0.71,0.53,0.18,0,0.06
2026,10,LA,8.94,22.75,3.06,0.88,0.65,0.24,0.06,0.06
2026,10,LAC,5.88,22.75,2.47,0.71,0.53,0.12,0,0.06
2026,10,LV,4.71,22.75,1.94,0.47,0.41,0.06,0,0.06
2026,10,MIA,4.53,22.75,2,0.41,0.35,0.06,0,0.06
2026,10,MIN,7.29,22.75,2.59,0.76,0.59,0.12,0,0.06
2026,10,NE,7.29,22.75,2.59,0.76,0.59,0.12,0,0.06
2026,10,NO,5.47,22.75,2.29,0.59,0.47,0,0,0.06
2026,10,NYG,6.35,22.75,2.47,0.71,0.53,0.12,0,0.06
2026,10,NYJ,4.65,22.75,2,0.41,0.41,0.06,0,0.06
2026,10,PIT,6.59,22.75,2.47,0.76,0.53,0.12,0,0.06
2026,10,SEA,8.82,22.75,2.76,0.94,0.65,0.24,0.06,0.06
2026,10,SF,6.24,22.75,2.35,0.71,0.53,0.12,0,0.06
2026,10,TEN,4.88,22.75,1.94,0.53,0.41,0.06,0,0.06
2026,10,WAS,5.29,22.75,2.29,0.59,0.41,0.06,0,0.06
2026,11,ARI,4.76,22.75,2,0.47,0.41,0.06,0,0.06
2026,11,BAL,7.47,22.75,2.65,0.82,0.59,0.18,0,0.06
2026,11,BUF,6.35,22.75,2.35,0.71,0.53,0.12,0,0.06
2026,11,CAR,6.06,22.75,2.29,0.65,0.53,0.06,0,0.06
2026,11,CHI,6.41,22.75,2.41,0.71,0.53,0.12,0,0.06
2026,11,CIN,5.59,22.75,2.29,0.65,0.47,0.06,0,0.06
2026,11,DAL,6.35,22.75,2.47,0.71,0.53,0.06,0,0.06
2026,11,DEN,7.94,22.75,2.82,0.82,0.53,0.24,0,0.06
2026,11,DET,7.12,22.75,2.47,0.76,0.65,0.12,0,0.06
2026,11,HOU,8.88,22.75,2.82,0.94,0.65,0.24,0.06,0.06
2026,11,IND,6.29,22.75,2.35,0.71,0.53,0.12,0,0.06
2026,11,JAX,7.18,22.75,2.53,0.76,0.59,0.18,0,0.06
2026,11,KC,6.94,22.75,2.53,0.71,0.53,0.18,0,0.06
2026,11,LAC,5.88,22.75,2.47,0.71,0.53,0.12,0,0.06
2026,11,LV,4.71,22.75,1.94,0.47,0.41,0.06,0,0.06
2026,11,MIA,4.53,22.75,2,0.41,0.35,0.06,0,0.06
2026,11,MIN,7.29,22.75,2.59,0.76,0.59,0.12,0,0.06
2026,11,NO,5.47,22.75,2.29,0.59,0.47,0,0,0.06
2026,11,NYG,6.35,22.75,2.47,0.71,0.53,0.12,0,0.06
2026,11,NYJ,4.65,22.75,2,0.41,0.41,0.06,0,0.06
2026,11,PHI,8.12,22.75,2.71,0.88,0.59,0.24,0.06,0.06
2026,11,PIT,6.59,22.75,2.47,0.76,0.53,0.12,0,0.06
2026,11,SF,6.24,22.75,2.35,0.71,0.53,0.12,0,0.06
2026,11,TB,6.12,22.75,2.41,0.65,0.47,0.12,0,0.06
2026,11,TEN,4.88,22.75,1.94,0.53,0.41,0.06,0,0.06
2026,11,WAS,5.29,22.75,2.29,0.59,0.41,0.06,0,0.06
2026,12,ARI,4.76,22.75,2,0.47,0.41,0.06,0,0.06
2026,12,ATL,6.29,22.75,2.41,0.65,0.53,0.12,0,0.06
2026,12,BAL,7.47,22.75,2.65,0.82,0.59,0.18,0,0.06
2026,12,BUF,6.35,22.75,2.35,0.71,0.53,0.12,0,0.06
2026,12,CAR,6.06,22.75,2.29,0.65,0.53,0.06,0,0.06
2026,12,CHI,6.41,22.75,2.41,0.71,0.53,0.12,0,0.06
2026,12,CIN,5.59,22.75,2.29,0.65,0.47,0.06,0,0.06
2026,12,CLE,5.82,22.75,2.12,0.59,0.47,0.12,0,0.06
2026,12,DAL,6.35,22.75,2.47,0.71,0.53,0.06,0,0.06
2026,12,DEN,7.94,22.75,2.82,0.82,0.53,0.24,0,0.06
2026,12,DET,7.12,22.75,2.47,0.76,0.65,0.12,0,0.06
2026,12,GB,6.88,22.75,2.47,0.71,0.53,0.18,0,0.06
2026,12,HOU,8.88,22.75,2.82,0.94,0.65,0.24,0.06,0.06
2026,12,IND,6.29,22.75,2.35,0.71,0.53,0.12,0,0.06
2026,12,JAX,7.18,22.75,2.53,0.76,0.59,0.18,0,0.06
2026,12,KC,6.94,22.75,2.53,0.71,0.53,0.18,0,0.06
2026,12,LA,8.94,22.75,3.06,0.88,0.65,0.24,0.06,0.06
2026,12,LAC,5.88,22.75,2.47,0.71,0.53,0.12,0,0.06
2026,12,LV,4.71,22.75,1.94,0.47,0.41,0.06,0,0.06
2026,12,MIA,4.53,22.75,2,0.41,0.35,0.06,0,0.06
2026,12,MIN,7.29,22.75,2.59,0.76,0.59,0.12,0,0.06
2026,12,NE,7.29,22.75,2.59,0.76,0.59,0.12,0,0.06
2026,12,NO,5.47,22.75,2.29,0.59,0.47,0,0,0.06
2026,12,NYG,6.35,22.75,2.47,0.71,0.53,0.12,0,0.06
2026,12,NYJ,4.65,22.75,2,0.41,0.41,0.06,0,0.06
2026,12,PHI,8.12,22.75,2.71,0.88,0.59,0.24,0.06,0.06
2026,12,PIT,6.59,22.75,2.47,0.76,0.53,0.12,0,0.06
2026,12,SEA,8.82,22.75,2.76,0.94,0.65,0.24,0.06,0.06
2026,12,SF,6.24,22.75,2.35,0.71,0.53,0.12,0,0.06
2026,12,TB,6.12,22.75,2.41,0.65,0.47,0.12,0,0.06
2026,12,TEN,4.88,22.75,1.94,0.53,0.41,0.06,0,0.06
2026,12,WAS,5.29,22.75,2.29,0.59,0.41,0.06,0,0.06
2026,13,ARI,4.76,22.75,2,0.47,0.41,0.06,0,0.06
2026,13,ATL,6.29,22.75,2.41,0.65,0.53,0.12,0,0.06
2026,13,BUF,6.35,22.75,2.35,0.71,0.53,0.12,0,0.06
2026,13,CAR,6.06,22.75,2.29,0.65,0.53,0.06,0,0.06
2026,13,CHI,6.41,22.75,2.41,0.71,0.53,0.12,0,0.06
2026,13,CIN,5.59,22.75,2.29,0.65,0.47,0.06,0,0.06
2026,13,CLE,5.82,22.75,2.12,0.59,0.47,0.12,0,0.06
2026,13,DAL,6.35,22.75,2.47,0.71,0.53,0.06,0,0.06
2026,13,DEN,7.94,22.75,2.82,0.82,0.53,0.24,0,0.06
2026,13,DET,7.12,22.75,2.47,0.76,0.65,0.12,0,0.06
2026,13,GB,6.88,22.75,2.47,0.71,0.53,0.18,0,0.06
2026,13,HOU,8.88,22.75,2.82,0.94,0.65,0.24,0.06,0.06
2026,13,JAX,7.18,22.75,2.53,0.76,0.59,0.18,0,0.06
2026,13,KC,6.94,22.75,2.53,0.71,0.53,0.18,0,0.06
2026,13,LA,8.94,22.75,3.06,0.88,0.65,0.24,0.06,0.06
2026,13,LAC,5.88,22.75,2.47,0.71,0.53,0.12,0,0.06
2026,13,MIA,4.53,22.75,2,0.41,0.35,0.06,0,0.06
2026,13,MIN,7.29,22.75,2.59,0.76,0.59,0.12,0,0.06
2026,13,NE,7.29,22.75,2.59,0.76,0.59,0.12,0,0.06
2026,13,NO,5.47,22.75,2.29,0.59,0.47,0,0,0.06
2026,13,NYG,6.35,22.75,2.47,0.71,0.53,0.12,0,0.06
2026,13,PHI,8.12,22.75,2.71,0.88,0.59,0.24,0.06,0.06
2026,13,PIT,6.59,22.75,2.47,0.76,0.53,0.12,0,0.06
2026,13,SEA,8.82,22.75,2.76,0.94,0.65,0.24,0.06,0.06
2026,13,SF,6.24,22.75,2.35,0.71,0.53,0.12,0,0.06
2026,13,TB,6.12,22.75,2.41,0.65,0.47,0.12,0,0.06
2026,13,TEN,4.88,22.75,1.94,0.53,0.41,0.06,0,0.06
2026,13,WAS,5.29,22.75,2.29,0.59,0.41,0.06,0,0.06
2026,14,ATL,6.29,22.75,2.41,0.65,0.53,0.12,0,0.06
2026,14,BAL,7.47,22.75,2.65,0.82,0.59,0.18,0,0.06
2026,14,BUF,6.35,22.75,2.35,0.71,0.53,0.12,0,0.06
2026,14,CAR,6.06,22.75,2.29,0.65,0.53,0.06,0,0.06
2026,14,CHI,6.41,22.75,2.41,0.71,0.53,0.12,0,0.06
2026,14,CIN,5.59,22.75,2.29,0.65,0.47,0.06,0,0.06
2026,14,CLE,5.82,22.75,2.12,0.59,0.47,0.12,0,0.06
2026,14,DEN,7.94,22.75,2.82,0.82,0.53,0.24,0,0.06
2026,14,DET,7.12,22.75,2.47,0.76,0.65,0.12,0,0.06
2026,14,GB,6.88,22.75,2.47,0.71,0.53,0.18,0,0.06
2026,14,HOU,8.88,22.75,2.82,0.94,0.65,0.24,0.06,0.06
2026,14,IND,6.29,22.75,2.35,0.71,0.53,0.12,0,0.06
2026,14,JAX,7.18,22.75,2.53,0.76,0.59,0.18,0,0.06
2026,14,KC,6.94,22.75,2.53,0.71,0.53,0.18,0,0.06
2026,14,LA,8.94,22.75,3.06,0.88,0.65,0.24,0.06,0.06
2026,14,LAC,5.88,22.75,2.47,0.71,0.53,0.12,0,0.06
2026,14,LV,4.71,22.75,1.94,0.47,0.41,0.06,0,0.06
2026,14,MIA,4.53,22.75,2,0.41,0.35,0.06,0,0.06
2026,14,MIN,7.29,22.75,2.59,0.76,0.59,0.12,0,0.06
2026,14,NE,7.29,22.75,2.59,0.76,0.59,0.12,0,0.06
2026,14,NO,5.47,22.75,2.29,0.59,0.47,0,0,0.06
2026,14,NYG,6.35,22.75,2.47,0.71,0.53,0.12,0,0.06
2026,14,NYJ,4.65,22.75,2,0.41,0.41,0.06,0,0.06
2026,14,PHI,8.12,22.75,2.71,0.88,0.59,0.24,0.06,0.06
2026,14,PIT,6.59,22.75,2.47,0.76,0.53,0.12,0,0.06
2026,14,SEA,8.82,22.75,2.76,0.94,0.65,0.24,0.06,0.06
2026,14,SF,6.24,22.75,2.35,0.71,0.53,0.12,0,0.06
2026,14,TB,6.12,22.75,2.41,0.65,0.47,0.12,0,0.06
2026,14,TEN,4.88,22.75,1.94,0.53,0.41,0.06,0,0.06
2026,14,WAS,5.29,22.75,2.29,0.59,0.41,0.06,0,0.06
2026,15,ARI,4.76,22.75,2,0.47,0.41,0.06,0,0.06
2026,15,ATL,6.29,22.75,2.41,0.65,0.53,0.12,0,0.06
2026,15,BAL,7.47,22.75,2.65,0.82,0.59,0.18,0,0.06
2026,15,BUF,6.35,22.75,2.35,0.71,0.53,0.12,0,0.06
2026,15,CAR,6.06,22.75,2.29,0.65,0.53,0.06,0,0.06
2026,15,CHI,6.41,22.75,2.41,0.71,0.53,0.12,0,0.06
2026,15,CIN,5.59,22.75,2.29,0.65,0.47,0.06,0,0.06
2026,15,CLE,5.82,22.75,2.12,0.59,0.47,0.12,0,0.06
2026,15,DAL,6.35,22.75,2.47,0.71,0.53,0.06,0,0.06
2026,15,DEN,7.94,22.75,2.82,0.82,0.53,0.24,0,0.06
2026,15,DET,7.12,22.75,2.47,0.76,0.65,0.12,0,0.06
2026,15,GB,6.88,22.75,2.47,0.71,0.53,0.18,0,0.06
2026,15,HOU,8.88,22.75,2.82,0.94,0.65,0.24,0.06,0.06
2026,15,IND,6.29,22.75,2.35,0.71,0.53,0.12,0,0.06
2026,15,JAX,7.18,22.75,2.53,0.76,0.59,0.18,0,0.06
2026,15,KC,6.94,22.75,2.53,0.71,0.53,0.18,0,0.06
2026,15,LA,8.94,22.75,3.06,0.88,0.65,0.24,0.06,0.06
2026,15,LAC,5.88,22.75,2.47,0.71,0.53,0.12,0,0.06
2026,15,LV,4.71,22.75,1.94,0.47,0.41,0.06,0,0.06
2026,15,MIA,4.53,22.75,2,0.41,0.35,0.06,0,0.06
2026,15,MIN,7.29,22.75,2.59,0.76,0.59,0.12,0,0.06
2026,15,NE,7.29,22.75,2.59,0.76,0.59,0.12,0,0.06
2026,15,NO,5.47,22.75,2.29,0.59,0.47,0,0,0.06
2026,15,NYG,6.35,22.75,2.47,0.71,0.53,0.12,0,0.06
2026,15,NYJ,4.65,22.75,2,0.41,0.41,0.06,0,0.06
2026,15,PHI,8.12,22.75,2.71,0.88,0.59,0.24,0.06,0.06
2026,15,PIT,6.59,22.75,2.47,0.76,0.53,0.12,0,0.06
2026,15,SEA,8.82,22.75,2.76,0.94,0.65,0.24,0.06,0.06
2026,15,SF,6.24,22.75,2.35,0.71,0.53,0.12,0,0.06
2026,15,TB,6.12,22.75,2.41,0.65,0.47,0.12,0,0.06
2026,15,TEN,4.88,22.75,1.94,0.53,0.41,0.06,0,0.06
2026,15,WAS,5.29,22.75,2.29,0.59,0.41,0.06,0,0.06
2026,16,ARI,4.76,22.75,2,0.47,0.41,0.06,0,0.06
2026,16,ATL,6.29,22.75,2.41,0.65,0.53,0.12,0,0.06
2026,16,BAL,7.47,22.75,2.65,0.82,0.59,0.18,0,0.06
2026,16,BUF,6.35,22.75,2.35,0.71,0.53,0.12,0,0.06
2026,16,CAR,6.06,22.75,2.29,0.65,0.53,0.06,0,0.06
2026,16,CHI,6.41,22.75,2.41,0.71,0.53,0.12,0,0.06
2026,16,CIN,5.59,22.75,2.29,0.65,0.47,0.06,0,0.06
2026,16,CLE,5.82,22.75,2.12,0.59,0.47,0.12,0,0.06
2026,16,DAL,6.35,22.75,2.47,0.71,0.53,0.06,0,0.06
2026,16,DEN,7.94,22.75,2.82,0.82,0.53,0.24,0,0.06
2026,16,DET,7.12,22.75,2.47,0.76,0.65,0.12,0,0.06
2026,16,GB,6.88,22.75,2.47,0.71,0.53,0.18,0,0.06
2026,16,HOU,8.88,22.75,2.82,0.94,0.65,0.24,0.06,0.06
2026,16,IND,6.29,22.75,2.35,0.71,0.53,0.12,0,0.06
2026,16,JAX,7.18,22.75,2.53,0.76,0.59,0.18,0,0.06
2026,16,KC,6.94,22.75,2.53,0.71,0.53,0.18,0,0.06
2026,16,LA,8.94,22.75,3.06,0.88,0.65,0.24,0.06,0.06
2026,16,LAC,5.88,22.75,2.47,0.71,0.53,0.12,0,0.06
2026,16,LV,4.71,22.75,1.94,0.47,0.41,0.06,0,0.06
2026,16,MIA,4.53,22.75,2,0.41,0.35,0.06,0,0.06
2026,16,MIN,7.29,22.75,2.59,0.76,0.59,0.12,0,0.06
2026,16,NE,7.29,22.75,2.59,0.76,0.59,0.12,0,0.06
2026,16,NO,5.47,22.75,2.29,0.59,0.47,0,0,0.06
2026,16,NYG,6.35,22.75,2.47,0.71,0.53,0.12,0,0.06
2026,16,NYJ,4.65,22.75,2,0.41,0.41,0.06,0,0.06
2026,16,PHI,8.12,22.75,2.71,0.88,0.59,0.24,0.06,0.06
2026,16,PIT,6.59,22.75,2.47,0.76,0.53,0.12,0,0.06
2026,16,SEA,8.82,22.75,2.76,0.94,0.65,0.24,0.06,0.06
2026,16,SF,6.24,22.75,2.35,0.71,0.53,0.12,0,0.06
2026,16,TB,6.12,22.75,2.41,0.65,0.47,0.12,0,0.06
2026,16,TEN,4.88,22.75,1.94,0.53,0.41,0.06,0,0.06
2026,16,WAS,5.29,22.75,2.29,0.59,0.41,0.06,0,0.06
2026,17,ARI,4.76,22.75,2,0.47,0.41,0.06,0,0.06
2026,17,ATL,6.29,22.75,2.41,0.65,0.53,0.12,0,0.06
2026,17,BAL,7.47,22.75,2.65,0.82,0.59,0.18,0,0.06
2026,17,BUF,6.35,22.75,2.35,0.71,0.53,0.12,0,0.06
2026,17,CAR,6.06,22.75,2.29,0.65,0.53,0.06,0,0.06
2026,17,CHI,6.41,22.75,2.41,0.71,0.53,0.12,0,0.06
2026,17,CIN,5.59,22.75,2.29,0.65,0.47,0.06,0,0.06
2026,17,CLE,5.82,22.75,2.12,0.59,0.47,0.12,0,0.06
2026,17,DAL,6.35,22.75,2.47,0.71,0.53,0.06,0,0.06
2026,17,DEN,7.94,22.75,2.82,0.82,0.53,0.24,0,0.06
2026,17,DET,7.12,22.75,2.47,0.76,0.65,0.12,0,0.06
2026,17,GB,6.88,22.75,2.47,0.71,0.53,0.18,0,0.06
2026,17,HOU,8.88,22.75,2.82,0.94,0.65,0.24,0.06,0.06
2026,17,IND,6.29,22.75,2.35,0.71,0.53,0.12,0,0.06
2026,17,JAX,7.18,22.75,2.53,0.76,0.59,0.18,0,0.06
2026,17,KC,6.94,22.75,2.53,0.71,0.53,0.18,0,0.06
2026,17,LA,8.94,22.75,3.06,0.88,0.65,0.24,0.06,0.06
2026,17,LAC,5.88,22.75,2.47,0.71,0.53,0.12,0,0.06
2026,17,LV,4.71,22.75,1.94,0.47,0.41,0.06,0,0.06
2026,17,MIA,4.53,22.75,2,0.41,0.35,0.06,0,0.06
2026,17,MIN,7.29,22.75,2.59,0.76,0.59,0.12,0,0.06
2026,17,NE,7.29,22.75,2.59,0.76,0.59,0.12,0,0.06
2026,17,NO,5.47,22.75,2.29,0.59,0.47,0,0,0.06
2026,17,NYG,6.35,22.75,2.47,0.71,0.53,0.12,0,0.06
2026,17,NYJ,4.65,22.75,2,0.41,0.41,0.06,0,0.06
2026,17,PHI,8.12,22.75,2.71,0.88,0.59,0.24,0.06,0.06
2026,17,PIT,6.59,22.75,2.47,0.76,0.53,0.12,0,0.06
2026,17,SEA,8.82,22.75,2.76,0.94,0.65,0.24,0.06,0.06
2026,17,SF,6.24,22.75,2.35,0.71,0.53,0.12,0,0.06
2026,17,TB,6.12,22.75,2.41,0.65,0.47,0.12,0,0.06
2026,17,TEN,4.88,22.75,1.94,0.53,0.41,0.06,0,0.06
2026,17,WAS,5.29,22.75,2.29,0.59,0.41,0.06,0,0.06
2026,18,ARI,4.76,22.75,2,0.47,0.41,0.06,0,0.06
2026,18,ATL,6.29,22.75,2.41,0.65,0.53,0.12,0,0.06
2026,18,BAL,7.47,22.75,2.65,0.82,0.59,0.18,0,0.06
2026,18,BUF,6.35,22.75,2.35,0.71,0.53,0.12,0,0.06
2026,18,CAR,6.06,22.75,2.29,0.65,0.53,0.06,0,0.06
2026,18,CHI,6.41,22.75,2.41,0.71,0.53,0.12,0,0.06
2026,18,CIN,5.59,22.75,2.29,0.65,0.47,0.06,0,0.06
2026,18,CLE,5.82,22.75,2.12,0.59,0.47,0.12,0,0.06
2026,18,DAL,6.35,22.75,2.47,0.71,0.53,0.06,0,0.06
2026,18,DEN,7.94,22.75,2.82,0.82,0.53,0.24,0,0.06
2026,18,DET,7.12,22.75,2.47,0.76,0.65,0.12,0,0.06
2026,18,GB,6.88,22.75,2.47,0.71,0.53,0.18,0,0.06
2026,18,HOU,8.88,22.75,2.82,0.94,0.65,0.24,0.06,0.06
2026,18,IND,6.29,22.75,2.35,0.71,0.53,0.12,0,0.06
2026,18,JAX,7.18,22.75,2.53,0.76,0.59,0.18,0,0.06
2026,18,KC,6.94,22.75,2.53,0.71,0.53,0.18,0,0.06
2026,18,LA,8.94,22.75,3.06,0.88,0.65,0.24,0.06,0.06
2026,18,LAC,5.88,22.75,2.47,0.71,0.53,0.12,0,0.06
2026,18,LV,4.71,22.75,1.94,0.47,0.41,0.06,0,0.06
2026,18,MIA,4.53,22.75,2,0.41,0.35,0.06,0,0.06
2026,18,MIN,7.29,22.75,2.59,0.76,0.59,0.12,0,0.06
2026,18,NE,7.29,22.75,2.59,0.76,0.59,0.12,0,0.06
2026,18,NO,5.47,22.75,2.29,0.59,0.47,0,0,0.06
2026,18,NYG,6.35,22.75,2.47,0.71,0.53,0.12,0,0.06
2026,18,NYJ,4.65,22.75,2,0.41,0.41,0.06,0,0.06
2026,18,PHI,8.12,22.75,2.71,0.88,0.59,0.24,0.06,0.06
2026,18,PIT,6.59,22.75,2.47,0.76,0.53,0.12,0,0.06
2026,18,SEA,8.82,22.75,2.76,0.94,0.65,0.24,0.06,0.06
2026,18,SF,6.24,22.75,2.35,0.71,0.53,0.12,0,0.06
2026,18,TB,6.12,22.75,2.41,0.65,0.47,0.12,0,0.06
2026,18,TEN,4.88,22.75,1.94,0.53,0.41,0.06,0,0.06
2026,18,WAS,5.29,22.75,2.29,0.59,0.41,0.06,0,0.06
