season,week,gsisId,team,status,fetchedAt
2026,4,00-0027857,SF,Questionable,2026-09-29T16:53:29.545Z
2026,4,00-0029685,NE,Questionable,2026-09-29T16:53:29.545Z
2026,4,00-0031364,HOU,Out,2026-09-29T16:53:29.545Z
2026,4,00-0031408,SF,Out,2026-09-29T16:53:29.545Z
2026,4,00-0031957,TB,Out,2026-09-29T16:53:29.545Z
2026,4,00-0032103,LAC,IR,2026-09-29T16:53:29.545Z
2026,4,00-0032265,HOU,Questionable,2026-09-29T16:53:29.545Z
2026,4,00-0032380,WAS,IR,2026-09-29T16:53:29.545Z
2026,4,00-0032667,NYG,IR,2026-09-29T16:53:29.545Z
2026,4,00-0032775,SF,IR,2026-09-29T16:53:29.545Z
2026,4,00-0032965,BAL,Out,2026-09-29T16:53:29.545Z
2026,4,00-0033051,NYJ,IR,2026-09-29T16:53:29.545Z
2026,4,00-0033055,PIT,Questionable,2026-09-29T16:53:29.545Z
2026,4,00-0033063,NO,IR,2026-09-29T16:53:29.545Z
2026,4,00-0033066,ARI,Out,2026-09-29T16:53:29.545Z
2026,4,00-0033093,DAL,Out,2026-09-29T16:53:29.545Z
2026,4,00-0033284,CAR,PUP,2026-09-29T16:53:29.545Z
2026,4,00-0033347,NYG,Out,2026-09-29T16:53:29.545Z
2026,4,00-0033375,NYJ,IR,2026-09-29T16:53:29.545Z
2026,4,00-0033546,LAC,Out,2026-09-29T16:53:29.545Z
2026,4,00-0033553,ARI,IR,2026-09-29T16:53:29.545Z
2026,4,00-0033662,ATL,Out,2026-09-29T16:53:29.545Z
2026,4,00-0033752,ATL,PUP,2026-09-29T16:53:29.545Z
2026,4,00-0033868,LAR,IR,2026-09-29T16:53:29.545Z
2026,4,00-0033872,MIN,IR,2026-09-29T16:53:29.545Z
2026,4,00-0033877,DAL,Out,2026-09-29T16:53:29.545Z
2026,4,00-0033885,LAC,IR,2026-09-29T16:53:29.545Z
2026,4,00-0033901,BAL,Out,2026-09-29T16:53:29.545Z
2026,4,00-0033902,TEN,IR,2026-09-29T16:53:29.545Z
2026,4,00-0033945,ATL,Out,2026-09-29T16:53:29.545Z
2026,4,00-0033947,WAS,PUP,2026-09-29T16:53:29.545Z
2026,4,00-0033955,WAS,IR,2026-09-29T16:53:29.545Z
2026,4,00-0034270,DET,Out,2026-09-29T16:53:29.545Z
2026,4,00-0034277,PIT,IR,2026-09-29T16:53:29.545Z
2026,4,00-0034302,WAS,Out,2026-09-29T16:53:29.545Z
2026,4,00-0034351,PHI,Out,2026-09-29T16:53:29.545Z
2026,4,00-0034355,HOU,PUP,2026-09-29T16:53:29.545Z
2026,4,00-0034356,LAC,Out,2026-09-29T16:53:29.545Z
2026,4,00-0034371,ATL,IR,2026-09-29T16:53:29.545Z
2026,4,00-0034377,DET,IR,2026-09-29T16:53:29.545Z
2026,4,00-0034446,CIN,Questionable,2026-09-29T16:53:29.545Z
2026,4,00-0034488,MIN,Out,2026-09-29T16:53:29.545Z
2026,4,00-0034611,TEN,Questionable,2026-09-29T16:53:29.545Z
2026,4,00-0034753,BAL,Questionable,2026-09-29T16:53:29.545Z
2026,4,00-0034775,SF,IR,2026-09-29T16:53:29.545Z
2026,4,00-0034779,MIA,IR,2026-09-29T16:53:29.545Z
2026,4,00-0034789,NYJ,Out,2026-09-29T16:53:29.545Z
2026,4,00-0034800,CIN,Out,2026-09-29T16:53:29.545Z
2026,4,00-0034828,NE,PUP,2026-09-29T16:53:29.545Z
2026,4,00-0034836,HOU,IR,2026-09-29T16:53:29.545Z
2026,4,00-0034855,TB,Out,2026-09-29T16:53:29.545Z
2026,4,00-0034857,BUF,Questionable,2026-09-29T16:53:29.545Z
2026,4,00-0034951,PHI,Out,2026-09-29T16:53:29.545Z
2026,4,00-0034974,SEA,Out,2026-09-29T16:53:29.545Z
2026,4,00-0034982,SF,Questionable,2026-09-29T16:53:29.545Z
2026,4,00-0034987,HOU,PUP,2026-09-29T16:53:29.545Z
2026,4,00-0035021,IND,Out,2026-09-29T16:53:29.545Z
2026,4,00-0035045,IND,IR,2026-09-29T16:53:29.545Z
2026,4,00-0035062,JAX,IR,2026-09-29T16:53:29.545Z
2026,4,00-0035112,JAX,IR,2026-09-29T16:53:29.545Z
2026,4,00-0035166,HOU,Questionable,2026-09-29T16:53:29.545Z
2026,4,00-0035227,DAL,IR,2026-09-29T16:53:29.545Z
2026,4,00-0035234,CLE,Questionable,2026-09-29T16:53:29.545Z
2026,4,00-0035249,MIN,Out,2026-09-29T16:53:29.545Z
2026,4,00-0035250,NYG,Out,2026-09-29T16:53:29.545Z
2026,4,00-0035277,CAR,Questionable,2026-09-29T16:53:29.545Z
2026,4,00-0035357,CHI,Questionable,2026-09-29T16:53:29.545Z
2026,4,00-0035359,TB,IR,2026-09-29T16:53:29.545Z
2026,4,00-0035402,NO,Questionable,2026-09-29T16:53:29.545Z
2026,4,00-0035406,DEN,Out,2026-09-29T16:53:29.545Z
2026,4,00-0035526,CLE,Questionable,2026-09-29T16:53:29.545Z
2026,4,00-0035535,IND,Out,2026-09-29T16:53:29.545Z
2026,4,00-0035645,NYG,IR,2026-09-29T16:53:29.545Z
2026,4,00-0035662,PHI,Out,2026-09-29T16:53:29.545Z
2026,4,00-0035665,NO,IR,2026-09-29T16:53:29.545Z
2026,4,00-0035669,CAR,Out,2026-09-29T16:53:29.545Z
2026,4,00-0035676,NE,IR,2026-09-29T16:53:29.545Z
2026,4,00-0035678,NE,Out,2026-09-29T16:53:29.545Z
2026,4,00-0035686,DEN,IR,2026-09-29T16:53:29.545Z
2026,4,00-0035688,LAC,IR,2026-09-29T16:53:29.545Z
2026,4,00-0035700,GB,NA,2026-09-29T16:53:29.545Z
2026,4,00-0035705,DAL,Out,2026-09-29T16:53:29.545Z
2026,4,00-0035707,DET,Out,2026-09-29T16:53:29.545Z
2026,4,00-0035713,NYG,Out,2026-09-29T16:53:29.545Z
2026,4,00-0035717,SF,Out,2026-09-29T16:53:29.545Z
2026,4,00-0035743,SF,IR,2026-09-29T16:53:29.545Z
2026,4,00-0035829,SF,IR,2026-09-29T16:53:29.545Z
2026,4,00-0035890,CAR,PUP,2026-09-29T16:53:29.545Z
2026,4,00-0036139,PIT,Out,2026-09-29T16:53:29.545Z
2026,4,00-0036192,PHI,Out,2026-09-29T16:53:29.545Z
2026,4,00-0036193,NO,Questionable,2026-09-29T16:53:29.545Z
2026,4,00-0036198,NE,IR,2026-09-29T16:53:29.545Z
2026,4,00-0036244,LAR,Questionable,2026-09-29T16:53:29.545Z
2026,4,00-0036261,SF,DNR,2026-09-29T16:53:29.545Z
2026,4,00-0036272,DET,Out,2026-09-29T16:53:29.545Z
2026,4,00-0036282,CLE,Questionable,2026-09-29T16:53:29.545Z
2026,4,00-0036285,ATL,IR,2026-09-29T16:53:29.545Z
2026,4,00-0036295,DAL,IR,2026-09-29T16:53:29.545Z
2026,4,00-0036322,MIN,Out,2026-09-29T16:53:29.545Z
2026,4,00-0036378,BUF,Out,2026-09-29T16:53:29.545Z
2026,4,00-0036395,BAL,Out,2026-09-29T16:53:29.545Z
2026,4,00-0036504,PIT,Questionable,2026-09-29T16:53:29.545Z
2026,4,00-0036511,TEN,IR,2026-09-29T16:53:29.545Z
2026,4,00-0036551,GB,Out,2026-09-29T16:53:29.545Z
2026,4,00-0036554,HOU,Out,2026-09-29T16:53:29.545Z
2026,4,00-0036556,HOU,Out,2026-09-29T16:53:29.545Z
2026,4,00-0036618,WAS,Out,2026-09-29T16:53:29.545Z
2026,4,00-0036619,NO,IR,2026-09-29T16:53:29.545Z
2026,4,00-0036630,CLE,Questionable,2026-09-29T16:53:29.545Z
2026,4,00-0036634,CHI,IR,2026-09-29T16:53:29.545Z
2026,4,00-0036638,SF,IR,2026-09-29T16:53:29.545Z
2026,4,00-0036736,LAC,Out,2026-09-29T16:53:29.545Z
2026,4,00-0036842,NYJ,Out,2026-09-29T16:53:29.545Z
2026,4,00-0036849,LAR,Out,2026-09-29T16:53:29.545Z
2026,4,00-0036871,SF,IR,2026-09-29T16:53:29.545Z
2026,4,00-0036876,TEN,Out,2026-09-29T16:53:29.545Z
2026,4,00-0036879,DEN,Out,2026-09-29T16:53:29.545Z
2026,4,00-0036885,NYJ,IR,2026-09-29T16:53:29.545Z
2026,4,00-0036915,CLE,PUP,2026-09-29T16:53:29.545Z
2026,4,00-0036924,TEN,Out,2026-09-29T16:53:29.545Z
2026,4,00-0036926,DET,IR,2026-09-29T16:53:29.545Z
2026,4,00-0036927,NO,Questionable,2026-09-29T16:53:29.545Z
2026,4,00-0036932,GB,PUP,2026-09-29T16:53:29.545Z
2026,4,00-0036937,NYG,IR,2026-09-29T16:53:29.545Z
2026,4,00-0036944,CAR,Out,2026-09-29T16:53:29.545Z
2026,4,00-0036952,DEN,NA,2026-09-29T16:53:29.545Z
2026,4,00-0036953,CLE,Out,2026-09-29T16:53:29.545Z
2026,4,00-0036973,NO,Out,2026-09-29T16:53:29.545Z
2026,4,00-0036974,CLE,Out,2026-09-29T16:53:29.545Z
2026,4,00-0036981,NE,Questionable,2026-09-29T16:53:29.545Z
2026,4,00-0036984,ATL,IR,2026-09-29T16:53:29.545Z
2026,4,00-0036986,NYJ,Out,2026-09-29T16:53:29.545Z
2026,4,00-0036992,LAC,Out,2026-09-29T16:53:29.545Z
2026,4,00-0037002,PHI,IR,2026-09-29T16:53:29.545Z
2026,4,00-0037013,NO,Out,2026-09-29T16:53:29.545Z
2026,4,00-0037031,CHI,IR,2026-09-29T16:53:29.545Z
2026,4,00-0037057,LAR,IR,2026-09-29T16:53:29.545Z
2026,4,00-0037078,MIA,IR,2026-09-29T16:53:29.545Z
2026,4,00-0037080,KC,Out,2026-09-29T16:53:29.545Z
2026,4,00-0037081,CHI,Questionable,2026-09-29T16:53:29.545Z
2026,4,00-0037086,PHI,IR,2026-09-29T16:53:29.545Z
2026,4,00-0037112,SF,IR,2026-09-29T16:53:29.545Z
2026,4,00-0037141,ARI,IR,2026-09-29T16:53:29.545Z
2026,4,00-0037156,SEA,IR,2026-09-29T16:53:29.545Z
2026,4,00-0037193,CIN,Questionable,2026-09-29T16:53:29.545Z
2026,4,00-0037195,LAR,Out,2026-09-29T16:53:29.545Z
2026,4,00-0037197,DET,IR,2026-09-29T16:53:29.545Z
2026,4,00-0037205,NE,PUP,2026-09-29T16:53:29.545Z
2026,4,00-0037243,DAL,IR,2026-09-29T16:53:29.545Z
2026,4,00-0037244,CAR,Out,2026-09-29T16:53:29.545Z
2026,4,00-0037250,NO,Out,2026-09-29T16:53:29.545Z
2026,4,00-0037251,CLE,IR,2026-09-29T16:53:29.545Z
2026,4,00-0037255,NYJ,Out,2026-09-29T16:53:29.545Z
2026,4,00-0037256,WAS,Questionable,2026-09-29T16:53:29.545Z
2026,4,00-0037276,NO,IR,2026-09-29T16:53:29.545Z
2026,4,00-0037281,DET,IR,2026-09-29T16:53:29.545Z
2026,4,00-0037283,NO,Out,2026-09-29T16:53:29.545Z
2026,4,00-0037288,BUF,Questionable,2026-09-29T16:53:29.545Z
2026,4,00-0037297,DET,IR,2026-09-29T16:53:29.545Z
2026,4,00-0037303,DEN,IR,2026-09-29T16:53:29.545Z
2026,4,00-0037307,CIN,IR,2026-09-29T16:53:29.545Z
2026,4,00-0037327,BAL,IR,2026-09-29T16:53:29.545Z
2026,4,00-0037329,CHI,IR,2026-09-29T16:53:29.545Z
2026,4,00-0037431,NYJ,IR,2026-09-29T16:53:29.545Z
2026,4,00-0037525,MIN,IR,2026-09-29T16:53:29.545Z
2026,4,00-0037526,NYJ,IR,2026-09-29T16:53:29.545Z
2026,4,00-0037544,CHI,IR,2026-09-29T16:53:29.545Z
2026,4,00-0037549,MIA,PUP,2026-09-29T16:53:29.545Z
2026,4,00-0037557,LAR,IR,2026-09-29T16:53:29.545Z
2026,4,00-0037561,DAL,Questionable,2026-09-29T16:53:29.545Z
2026,4,00-0037563,DAL,IR,2026-09-29T16:53:29.545Z
2026,4,00-0037602,SF,IR,2026-09-29T16:53:29.545Z
2026,4,00-0037616,WAS,Out,2026-09-29T16:53:29.545Z
2026,4,00-0037633,HOU,IR,2026-09-29T16:53:29.545Z
2026,4,00-0037661,HOU,IR,2026-09-29T16:53:29.545Z
2026,4,00-0037664,IND,IR,2026-09-29T16:53:29.545Z
2026,4,00-0037667,DET,PUP,2026-09-29T16:53:29.545Z
2026,4,00-0037804,ARI,IR,2026-09-29T16:53:29.545Z
2026,4,00-0037808,ATL,PUP,2026-09-29T16:53:29.545Z
2026,4,00-0037809,WAS,Out,2026-09-29T16:53:29.545Z
2026,4,00-0037817,GB,IR,2026-09-29T16:53:29.545Z
2026,4,00-0037819,WAS,Out,2026-09-29T16:53:29.545Z
2026,4,00-0037831,SF,IR,2026-09-29T16:53:29.545Z
2026,4,00-0037832,CLE,IR,2026-09-29T16:53:29.545Z
2026,4,00-0037837,NYG,IR,2026-09-29T16:53:29.545Z
2026,4,00-0037839,DAL,Out,2026-09-29T16:53:29.545Z
2026,4,00-0038043,TEN,IR,2026-09-29T16:53:29.545Z
2026,4,00-0038046,LAC,Out,2026-09-29T16:53:29.545Z
2026,4,00-0038098,GB,Questionable,2026-09-29T16:53:29.545Z
2026,4,00-0038099,BUF,Sus,2026-09-29T16:53:29.545Z
2026,4,00-0038105,CLE,IR,2026-09-29T16:53:29.545Z
2026,4,00-0038107,IND,IR,2026-09-29T16:53:29.545Z
2026,4,00-0038111,CHI,PUP,2026-09-29T16:53:29.545Z
2026,4,00-0038120,NYJ,Out,2026-09-29T16:53:29.545Z
2026,4,00-0038136,CHI,IR,2026-09-29T16:53:29.545Z
2026,4,00-0038390,CHI,PUP,2026-09-29T16:53:29.545Z
2026,4,00-0038394,IND,IR,2026-09-29T16:53:29.545Z
2026,4,00-0038400,PHI,Out,2026-09-29T16:53:29.545Z
2026,4,00-0038401,NYG,IR,2026-09-29T16:53:29.545Z
2026,4,00-0038407,TEN,Out,2026-09-29T16:53:29.545Z
2026,4,00-0038411,CHI,Out,2026-09-29T16:53:29.545Z
2026,4,00-0038493,CAR,IR,2026-09-29T16:53:29.545Z
2026,4,00-0038506,GB,PUP,2026-09-29T16:53:29.545Z
2026,4,00-0038541,NO,Out,2026-09-29T16:53:29.545Z
2026,4,00-0038556,DAL,Out,2026-09-29T16:53:29.545Z
2026,4,00-0038557,BUF,Questionable,2026-09-29T16:53:29.545Z
2026,4,00-0038566,NO,PUP,2026-09-29T16:53:29.545Z
2026,4,00-0038579,LV,Out,2026-09-29T16:53:29.545Z
2026,4,00-0038585,IND,IR,2026-09-29T16:53:29.545Z
2026,4,00-0038586,TEN,Out,2026-09-29T16:53:29.545Z
2026,4,00-0038590,LV,IR,2026-09-29T16:53:29.545Z
2026,4,00-0038594,LV,Out,2026-09-29T16:53:29.545Z
2026,4,00-0038595,CHI,Out,2026-09-29T16:53:29.545Z
2026,4,00-0038599,HOU,IR,2026-09-29T16:53:29.545Z
2026,4,00-0038603,MIA,Out,2026-09-29T16:53:29.545Z
2026,4,00-0038610,NE,IR,2026-09-29T16:53:29.545Z
2026,4,00-0038614,LAC,IR,2026-09-29T16:53:29.545Z
2026,4,00-0038619,CIN,IR,2026-09-29T16:53:29.545Z
2026,4,00-0038629,BAL,Out,2026-09-29T16:53:29.545Z
2026,4,00-0038679,BUF,PUP,2026-09-29T16:53:29.545Z
2026,4,00-0038694,SEA,Out,2026-09-29T16:53:29.545Z
2026,4,00-0038703,TEN,IR,2026-09-29T16:53:29.545Z
2026,4,00-0038705,DAL,Out,2026-09-29T16:53:29.545Z
2026,4,00-0038720,NE,IR,2026-09-29T16:53:29.545Z
2026,4,00-0038724,HOU,IR,2026-09-29T16:53:29.545Z
2026,4,00-0038735,DAL,IR,2026-09-29T16:53:29.545Z
2026,4,00-0038752,SEA,IR,2026-09-29T16:53:29.545Z
2026,4,00-0038765,SEA,Out,2026-09-29T16:53:29.545Z
2026,4,00-0038865,SF,IR,2026-09-29T16:53:29.545Z
2026,4,00-0038905,NYJ,Out,2026-09-29T16:53:29.545Z
2026,4,00-0038976,DEN,Out,2026-09-29T16:53:29.545Z
2026,4,00-0038977,HOU,IR,2026-09-29T16:53:29.545Z
2026,4,00-0038982,KC,Out,2026-09-29T16:53:29.545Z
2026,4,00-0038995,NO,IR,2026-09-29T16:53:29.545Z
2026,4,00-0039000,NYG,Out,2026-09-29T16:53:29.545Z
2026,4,00-0039009,HOU,IR,2026-09-29T16:53:29.545Z
2026,4,00-0039020,SEA,IR,2026-09-29T16:53:29.545Z
2026,4,00-0039032,TEN,Questionable,2026-09-29T16:53:29.545Z
2026,4,00-0039040,MIA,IR,2026-09-29T16:53:29.545Z
2026,4,00-0039051,TB,IR,2026-09-29T16:53:29.545Z
2026,4,00-0039072,PHI,IR,2026-09-29T16:53:29.545Z
2026,4,00-0039075,LAR,Out,2026-09-29T16:53:29.545Z
2026,4,00-0039141,DET,PUP,2026-09-29T16:53:29.545Z
2026,4,00-0039144,GB,PUP,2026-09-29T16:53:29.545Z
2026,4,00-0039146,GB,Out,2026-09-29T16:53:29.545Z
2026,4,00-0039165,SEA,PUP,2026-09-29T16:53:29.545Z
2026,4,00-0039167,PIT,Out,2026-09-29T16:53:29.545Z
2026,4,00-0039174,MIA,Out,2026-09-29T16:53:29.545Z
2026,4,00-0039234,BAL,IR,2026-09-29T16:53:29.545Z
2026,4,00-0039236,PHI,IR,2026-09-29T16:53:29.545Z
2026,4,00-0039244,LV,IR,2026-09-29T16:53:29.545Z
2026,4,00-0039267,PHI,IR,2026-09-29T16:53:29.545Z
2026,4,00-0039289,NE,Out,2026-09-29T16:53:29.545Z
2026,4,00-0039340,IND,Questionable,2026-09-29T16:53:29.545Z
2026,4,00-0039342,CAR,Out,2026-09-29T16:53:29.545Z
2026,4,00-0039344,CAR,IR,2026-09-29T16:53:29.545Z
2026,4,00-0039345,SF,Questionable,2026-09-29T16:53:29.545Z
2026,4,00-0039352,DAL,IR,2026-09-29T16:53:29.545Z
2026,4,00-0039356,CAR,Out,2026-09-29T16:53:29.545Z
2026,4,00-0039362,DET,PUP,2026-09-29T16:53:29.545Z
2026,4,00-0039363,SF,PUP,2026-09-29T16:53:29.545Z
2026,4,00-0039368,WAS,IR,2026-09-29T16:53:29.545Z
2026,4,00-0039370,ATL,IR,2026-09-29T16:53:29.545Z
2026,4,00-0039375,CIN,Out,2026-09-29T16:53:29.545Z
2026,4,00-0039381,TEN,Questionable,2026-09-29T16:53:29.545Z
2026,4,00-0039388,NO,IR,2026-09-29T16:53:29.545Z
2026,4,00-0039389,PIT,IR,2026-09-29T16:53:29.545Z
2026,4,00-0039390,MIA,Out,2026-09-29T16:53:29.545Z
2026,4,00-0039396,DET,Out,2026-09-29T16:53:29.545Z
2026,4,00-0039406,CLE,Out,2026-09-29T16:53:29.545Z
2026,4,00-0039412,WAS,Out,2026-09-29T16:53:29.545Z
2026,4,00-0039419,MIN,IR,2026-09-29T16:53:29.545Z
2026,4,00-0039427,HOU,IR,2026-09-29T16:53:29.545Z
2026,4,00-0039435,SF,Out,2026-09-29T16:53:29.545Z
2026,4,00-0039436,TEN,IR,2026-09-29T16:53:29.545Z
2026,4,00-0039438,DEN,PUP,2026-09-29T16:53:29.545Z
2026,4,00-0039461,CHI,Out,2026-09-29T16:53:29.545Z
2026,4,00-0039481,MIA,PUP,2026-09-29T16:53:29.545Z
2026,4,00-0039491,CAR,Out,2026-09-29T16:53:29.545Z
2026,4,00-0039518,NO,Out,2026-09-29T16:53:29.545Z
2026,4,00-0039565,DEN,IR,2026-09-29T16:53:29.545Z
2026,4,00-0039576,IND,Questionable,2026-09-29T16:53:29.545Z
2026,4,00-0039578,IND,Out,2026-09-29T16:53:29.545Z
2026,4,00-0039623,NO,PUP,2026-09-29T16:53:29.545Z
2026,4,00-0039660,DET,IR,2026-09-29T16:53:29.545Z
2026,4,00-0039692,NE,IR,2026-09-29T16:53:29.545Z
2026,4,00-0039710,MIN,Sus,2026-09-29T16:53:29.545Z
2026,4,00-0039735,LV,Questionable,2026-09-29T16:53:29.545Z
2026,4,00-0039737,ARI,PUP,2026-09-29T16:53:29.545Z
2026,4,00-0039784,LAR,IR,2026-09-29T16:53:29.545Z
2026,4,00-0039789,NYJ,Questionable,2026-09-29T16:53:29.545Z
2026,4,00-0039817,GB,Questionable,2026-09-29T16:53:29.545Z
2026,4,00-0039824,KC,Out,2026-09-29T16:53:29.545Z
2026,4,00-0039834,LAR,Out,2026-09-29T16:53:29.545Z
2026,4,00-0039836,LV,IR,2026-09-29T16:53:29.545Z
2026,4,00-0039850,GB,Questionable,2026-09-29T16:53:29.545Z
2026,4,00-0039855,TB,Out,2026-09-29T16:53:29.545Z
2026,4,00-0039861,NYG,Out,2026-09-29T16:53:29.545Z
2026,4,00-0039864,ARI,Out,2026-09-29T16:53:29.545Z
2026,4,00-0039874,MIA,Out,2026-09-29T16:53:29.545Z
2026,4,00-0039877,TB,IR,2026-09-29T16:53:29.545Z
2026,4,00-0039890,NYJ,Out,2026-09-29T16:53:29.545Z
2026,4,00-0039903,SEA,NA,2026-09-29T16:53:29.545Z
2026,4,00-0039906,WAS,IR,2026-09-29T16:53:29.545Z
2026,4,00-0039910,WAS,Out,2026-09-29T16:53:29.545Z
2026,4,00-0039916,SF,IR,2026-09-29T16:53:29.545Z
2026,4,00-0039918,CHI,Out,2026-09-29T16:53:29.545Z
2026,4,00-0039921,ARI,IR,2026-09-29T16:53:29.545Z
2026,4,00-0039923,NYG,Out,2026-09-29T16:53:29.545Z
2026,4,00-0039936,GB,IR,2026-09-29T16:53:29.545Z
2026,4,00-0040008,DAL,Questionable,2026-09-29T16:53:29.545Z
2026,4,00-0040009,GB,IR,2026-09-29T16:53:29.545Z
2026,4,00-0040012,GB,IR,2026-09-29T16:53:29.545Z
2026,4,00-0040016,GB,Out,2026-09-29T16:53:29.545Z
2026,4,00-0040017,DAL,Out,2026-09-29T16:53:29.545Z
2026,4,00-0040033,GB,IR,2026-09-29T16:53:29.545Z
2026,4,00-0040073,BAL,IR,2026-09-29T16:53:29.545Z
2026,4,00-0040076,BAL,Out,2026-09-29T16:53:29.545Z
2026,4,00-0040077,ATL,Out,2026-09-29T16:53:29.545Z
2026,4,00-0040116,KC,Out,2026-09-29T16:53:29.545Z
2026,4,00-0040118,KC,IR,2026-09-29T16:53:29.545Z
2026,4,00-0040120,KC,IR,2026-09-29T16:53:29.545Z
2026,4,00-0040125,NO,IR,2026-09-29T16:53:29.545Z
2026,4,00-0040127,MIA,IR,2026-09-29T16:53:29.545Z
2026,4,00-0040130,HOU,IR,2026-09-29T16:53:29.545Z
2026,4,00-0040135,SF,IR,2026-09-29T16:53:29.545Z
2026,4,00-0040153,DEN,Out,2026-09-29T16:53:29.545Z
2026,4,00-0040162,CLE,IR,2026-09-29T16:53:29.545Z
2026,4,00-0040174,CAR,Out,2026-09-29T16:53:29.545Z
2026,4,00-0040179,IND,Out,2026-09-29T16:53:29.545Z
2026,4,00-0040184,LAC,IR,2026-09-29T16:53:29.545Z
2026,4,00-0040186,NYJ,Out,2026-09-29T16:53:29.545Z
2026,4,00-0040190,TEN,Questionable,2026-09-29T16:53:29.545Z
2026,4,00-0040192,BUF,IR,2026-09-29T16:53:29.545Z
2026,4,00-0040196,NYJ,PUP,2026-09-29T16:53:29.545Z
2026,4,00-0040197,BUF,PUP,2026-09-29T16:53:29.545Z
2026,4,00-0040198,MIA,Questionable,2026-09-29T16:53:29.545Z
2026,4,00-0040199,LV,Out,2026-09-29T16:53:29.545Z
2026,4,00-0040203,PIT,Out,2026-09-29T16:53:29.545Z
2026,4,00-0040206,IND,Out,2026-09-29T16:53:29.545Z
2026,4,00-0040211,HOU,IR,2026-09-29T16:53:29.545Z
2026,4,00-0040212,LAC,IR,2026-09-29T16:53:29.545Z
2026,4,00-0040225,NYG,Out,2026-09-29T16:53:29.545Z
2026,4,00-0040226,NE,IR,2026-09-29T16:53:29.545Z
2026,4,00-0040230,ARI,IR,2026-09-29T16:53:29.545Z
2026,4,00-0040232,PIT,PUP,2026-09-29T16:53:29.545Z
2026,4,00-0040240,DEN,IR,2026-09-29T16:53:29.545Z
2026,4,00-0040243,NYG,IR,2026-09-29T16:53:29.545Z
2026,4,00-0040244,NO,IR,2026-09-29T16:53:29.545Z
2026,4,00-0040289,CAR,IR,2026-09-29T16:53:29.545Z
2026,4,00-0040329,JAX,IR,2026-09-29T16:53:29.545Z
2026,4,00-0040395,JAX,IR,2026-09-29T16:53:29.545Z
2026,4,00-0040398,MIA,Out,2026-09-29T16:53:29.545Z
2026,4,00-0040413,HOU,IR,2026-09-29T16:53:29.545Z
2026,4,00-0040432,ATL,IR,2026-09-29T16:53:29.545Z
2026,4,00-0040464,LAC,Out,2026-09-29T16:53:29.545Z
2026,4,00-0040488,LV,IR,2026-09-29T16:53:29.545Z
2026,4,00-0040503,TEN,IR,2026-09-29T16:53:29.545Z
2026,4,00-0040507,MIN,Out,2026-09-29T16:53:29.545Z
2026,4,00-0040509,MIN,IR,2026-09-29T16:53:29.545Z
2026,4,00-0040570,NE,IR,2026-09-29T16:53:29.545Z
2026,4,00-0040577,ATL,IR,2026-09-29T16:53:29.545Z
2026,4,00-0040578,ATL,Sus,2026-09-29T16:53:29.545Z
2026,4,00-0040581,LV,IR,2026-09-29T16:53:29.545Z
2026,4,00-0040582,NYJ,IR,2026-09-29T16:53:29.545Z
2026,4,00-0040589,SF,Out,2026-09-29T16:53:29.545Z
2026,4,00-0040621,SEA,Out,2026-09-29T16:53:29.545Z
2026,4,00-0040624,MIN,Out,2026-09-29T16:53:29.545Z
2026,4,00-0040644,CAR,IR,2026-09-29T16:53:29.545Z
2026,4,00-0040649,SEA,IR,2026-09-29T16:53:29.545Z
2026,4,00-0040652,SEA,IR,2026-09-29T16:53:29.545Z
2026,4,00-0040660,SF,PUP,2026-09-29T16:53:29.545Z
2026,4,00-0040673,SEA,Out,2026-09-29T16:53:29.545Z
2026,4,00-0040687,ATL,IR,2026-09-29T16:53:29.545Z
2026,4,00-0040691,NYG,IR,2026-09-29T16:53:29.545Z
2026,4,00-0040704,CLE,IR,2026-09-29T16:53:29.545Z
2026,4,00-0040711,SF,IR,2026-09-29T16:53:29.545Z
2026,4,00-0040716,NE,Out,2026-09-29T16:53:29.545Z
2026,4,00-0040721,SF,IR,2026-09-29T16:53:29.545Z
2026,4,00-0040723,JAX,Out,2026-09-29T16:53:29.545Z
2026,4,00-0040724,BUF,Out,2026-09-29T16:53:29.545Z
2026,4,00-0040729,LV,Out,2026-09-29T16:53:29.545Z
2026,4,00-0040730,DEN,Questionable,2026-09-29T16:53:29.545Z
2026,4,00-0040731,WAS,IR,2026-09-29T16:53:29.545Z
2026,4,00-0040733,SEA,Questionable,2026-09-29T16:53:29.545Z
2026,4,00-0040736,NYJ,Out,2026-09-29T16:53:29.545Z
2026,4,00-0040737,LAR,Questionable,2026-09-29T16:53:29.545Z
2026,4,00-0040740,CHI,Out,2026-09-29T16:53:29.545Z
2026,4,00-0040741,CHI,PUP,2026-09-29T16:53:29.545Z
2026,4,00-0040746,CAR,IR,2026-09-29T16:53:29.545Z
2026,4,00-0040748,KC,PUP,2026-09-29T16:53:29.545Z
2026,4,00-0040751,ARI,IR,2026-09-29T16:53:29.545Z
2026,4,00-0040761,DET,Out,2026-09-29T16:53:29.545Z
2026,4,00-0040853,IND,IR,2026-09-29T16:53:29.545Z
2026,4,00-0040868,LV,Out,2026-09-29T16:53:29.545Z
2026,4,00-0040870,BAL,IR,2026-09-29T16:53:29.545Z
2026,4,00-0040875,DAL,IR,2026-09-29T16:53:29.545Z
2026,4,00-0040876,BAL,Out,2026-09-29T16:53:29.545Z
2026,4,00-0040883,LV,Out,2026-09-29T16:53:29.545Z
2026,4,00-0040888,BAL,IR,2026-09-29T16:53:29.545Z
2026,4,00-0040891,PHI,Out,2026-09-29T16:53:29.545Z
2026,4,00-0040901,TEN,IR,2026-09-29T16:53:29.545Z
2026,4,00-0040906,KC,Out,2026-09-29T16:53:29.545Z
2026,4,00-0040914,DET,Out,2026-09-29T16:53:29.545Z
2026,4,00-0040923,LAR,Out,2026-09-29T16:53:29.545Z
2026,4,00-0040929,PHI,PUP,2026-09-29T16:53:29.545Z
2026,4,00-0040930,DAL,Out,2026-09-29T16:53:29.545Z
2026,4,00-0040938,DAL,IR,2026-09-29T16:53:29.545Z
2026,4,00-0040953,KC,IR,2026-09-29T16:53:29.545Z
2026,4,00-0040955,KC,IR,2026-09-29T16:53:29.545Z
2026,4,00-0040981,BAL,Out,2026-09-29T16:53:29.545Z
2026,4,00-0040988,BAL,IR,2026-09-29T16:53:29.545Z
2026,4,00-0041005,LV,IR,2026-09-29T16:53:29.545Z
2026,4,00-0041029,NO,IR,2026-09-29T16:53:29.545Z
2026,4,00-0041035,SF,IR,2026-09-29T16:53:29.545Z
2026,4,00-0041045,JAX,Out,2026-09-29T16:53:29.545Z
2026,4,00-0041047,CAR,IR,2026-09-29T16:53:29.545Z
2026,4,00-0041054,MIN,Out,2026-09-29T16:53:29.545Z
2026,4,00-0041055,JAX,Out,2026-09-29T16:53:29.545Z
2026,4,00-0041059,JAX,Out,2026-09-29T16:53:29.545Z
2026,4,00-0041068,SF,Out,2026-09-29T16:53:29.545Z
2026,4,00-0041069,CIN,Out,2026-09-29T16:53:29.545Z
2026,4,00-0041070,ARI,Out,2026-09-29T16:53:29.545Z
2026,4,00-0041075,CLE,Out,2026-09-29T16:53:29.545Z
2026,4,00-0041080,IND,Out,2026-09-29T16:53:29.545Z
2026,4,00-0041083,MIN,Out,2026-09-29T16:53:29.545Z
2026,4,00-0041087,CLE,PUP,2026-09-29T16:53:29.545Z
2026,4,00-0041089,NO,IR,2026-09-29T16:53:29.545Z
2026,4,00-0041090,SF,Out,2026-09-29T16:53:29.545Z
2026,4,00-0041091,BUF,IR,2026-09-29T16:53:29.545Z
2026,4,00-0041092,CLE,Out,2026-09-29T16:53:29.545Z
2026,4,00-0041095,NYG,Out,2026-09-29T16:53:29.545Z
2026,4,00-0041099,NO,Out,2026-09-29T16:53:29.545Z
2026,4,00-0041106,JAX,Out,2026-09-29T16:53:29.545Z
2026,4,00-0041116,CIN,Out,2026-09-29T16:53:29.545Z
2026,4,00-0041120,NYJ,IR,2026-09-29T16:53:29.545Z
2026,4,00-0041122,JAX,IR,2026-09-29T16:53:29.545Z
2026,4,00-0041123,NE,Out,2026-09-29T16:53:29.545Z
2026,4,00-0041127,JAX,IR,2026-09-29T16:53:29.545Z
2026,4,00-0041133,DEN,Out,2026-09-29T16:53:29.545Z
2026,4,00-0041136,MIA,IR,2026-09-29T16:53:29.545Z
2026,4,00-0041149,CAR,Out,2026-09-29T16:53:29.545Z
2026,4,00-0041170,CHI,IR,2026-09-29T16:53:29.545Z
2026,4,00-0041194,ATL,Out,2026-09-29T16:53:29.545Z
2026,4,00-0041253,TB,Out,2026-09-29T16:53:29.545Z
2026,4,00-0041261,PIT,Out,2026-09-29T16:53:29.545Z
2026,4,00-0041303,HOU,IR,2026-09-29T16:53:29.545Z
2026,4,00-0041321,NE,IR,2026-09-29T16:53:29.545Z
2026,4,00-0041323,NE,IR,2026-09-29T16:53:29.545Z
2026,4,00-0041366,ARI,IR,2026-09-29T16:53:29.545Z
2026,4,00-0041382,SEA,Out,2026-09-29T16:53:29.545Z
2026,4,00-0041390,NO,Out,2026-09-29T16:53:29.545Z
2026,4,00-0041394,LAR,IR,2026-09-29T16:53:29.545Z
2026,4,00-0041395,NE,Out,2026-09-29T16:53:29.545Z
2026,4,00-0041399,LAR,Out,2026-09-29T16:53:29.545Z
2026,4,00-0041402,NE,IR,2026-09-29T16:53:29.545Z
2026,4,00-0041414,LAR,IR,2026-09-29T16:53:29.545Z
2026,4,00-0041440,HOU,IR,2026-09-29T16:53:29.545Z
2026,4,00-0041443,BUF,Out,2026-09-29T16:53:29.545Z
2026,4,00-0041446,DET,IR,2026-09-29T16:53:29.545Z
2026,4,00-0041463,SEA,IR,2026-09-29T16:53:29.545Z
2026,4,00-0041483,PHI,IR,2026-09-29T16:53:29.545Z
2026,4,00-0041484,ATL,PUP,2026-09-29T16:53:29.545Z
2026,4,00-0041490,PIT,Out,2026-09-29T16:53:29.545Z
2026,4,00-0041496,DEN,IR,2026-09-29T16:53:29.545Z
2026,4,00-0041502,TB,Out,2026-09-29T16:53:29.545Z
2026,4,00-0041511,NYJ,IR,2026-09-29T16:53:29.545Z
2026,4,00-0041523,MIA,Out,2026-09-29T16:53:29.545Z
2026,4,00-0041526,MIA,IR,2026-09-29T16:53:29.545Z
2026,4,00-0041527,MIA,IR,2026-09-29T16:53:29.545Z
2026,4,00-0041550,LAC,Out,2026-09-29T16:53:29.545Z
2026,4,00-0041552,DEN,Out,2026-09-29T16:53:29.545Z
2026,4,00-0041553,LV,IR,2026-09-29T16:53:29.545Z
2026,4,00-0041555,ARI,IR,2026-09-29T16:53:29.545Z
2026,4,00-0041557,SF,Questionable,2026-09-29T16:53:29.545Z
2026,4,00-0041561,ARI,Out,2026-09-29T16:53:29.545Z
2026,4,00-0041565,PIT,Out,2026-09-29T16:53:29.545Z
2026,4,00-0041568,LAR,Out,2026-09-29T16:53:29.545Z
2026,4,00-0041581,MIN,Out,2026-09-29T16:53:29.545Z
2026,4,THO581952,SF,Out,2026-09-29T16:53:29.545Z
