season,week,home_team,wind,temp,precip_mm,precip_chance,source
2026,5,GB,13.3,76.3,0.00,0,forecast
2026,5,JAX,9.2,81.3,0.00,22,forecast
2026,5,MIA,11.6,91.0,0.00,16,forecast
2026,5,NE,8.3,63.4,0.00,7,forecast
2026,5,NYJ,8.4,62.4,2.40,57,forecast
2026,5,PIT,8.7,58.3,7.90,82,forecast
2026,5,SEA,7.9,58.1,0.00,0,forecast
2026,5,TEN,6.6,63.9,0.40,39,forecast
2026,5,WAS,13.4,63.1,9.60,80,forecast
2026,6,CLE,11.0,50.2,0.00,13,forecast
2026,6,DEN,10.6,58.8,0.00,33,forecast
2026,6,GB,8.3,43.6,0.00,11,forecast
2026,6,JAX,15.3,75.5,0.90,9,forecast
2026,6,KC,7.1,57.4,0.00,10,forecast
2026,6,NE,13.4,46.6,0.00,10,forecast
2026,6,NYG,15.6,50.6,0.00,13,forecast
2026,6,PHI,13.5,52.7,0.00,13,forecast
2026,6,SF,7.3,76.3,0.00,0,forecast
2026,6,TB,12.5,84.4,0.70,14,forecast
2026,7,BAL,7.8,61.1,0.00,0,climate
2026,7,CAR,7.3,66.2,0.00,0,climate
2026,7,CHI,3.6,63.0,0.00,16,forecast
2026,7,NYJ,8.7,59.4,0.00,0,climate
2026,7,PHI,9.5,58.6,0.00,0,climate
2026,7,SEA,6.7,52.8,0.00,0,climate
2026,7,TEN,7.7,64.4,0.00,0,climate
2026,8,BUF,10.7,52.2,0.00,0,climate
2026,8,CIN,8.2,57.2,0.00,0,climate
2026,8,DEN,7.0,59.3,0.00,0,climate
2026,8,GB,9.6,46.0,0.00,0,climate
2026,8,JAX,8.5,71.6,0.00,0,climate
2026,8,MIA,10.3,83.7,0.00,0,climate
2026,8,NYJ,8.7,57.0,0.00,0,climate
2026,8,PIT,8.5,53.2,0.00,0,climate
2026,8,SEA,6.7,49.8,0.00,0,climate
2026,8,TB,8.1,77.0,0.00,0,climate
2026,8,WAS,7.0,57.5,0.00,0,climate
2026,9,BAL,7.8,55.2,0.00,0,climate
2026,9,CAR,7.3,62.4,0.00,0,climate
2026,9,CHI,9.3,48.3,0.00,0,climate
2026,9,KC,9.1,53.7,0.00,0,climate
2026,9,MIA,10.3,78.7,0.00,0,climate
2026,9,NE,8.9,54.5,0.00,0,climate
2026,9,PHI,9.5,55.1,0.00,0,climate
2026,9,SEA,6.7,52.0,0.00,0,climate
2026,9,SF,7.7,63.3,0.00,0,climate
2026,9,WAS,7.0,56.6,0.00,0,climate
2026,10,BAL,7.8,53.0,0.00,0,climate
2026,10,CIN,8.2,51.4,0.00,0,climate
2026,10,CLE,11.4,48.1,0.00,0,climate
2026,10,GB,9.6,42.1,0.00,0,climate
2026,10,NYG,8.4,49.7,0.00,0,climate
2026,10,NYJ,8.7,52.4,0.00,0,climate
2026,10,TEN,7.7,58.5,0.00,0,climate
2026,11,BUF,10.7,45.0,0.00,0,climate
2026,11,CAR,7.3,58.8,0.00,0,climate
2026,11,CHI,9.3,45.1,0.00,0,climate
2026,11,DEN,7.0,52.8,0.00,0,climate
2026,11,KC,9.1,49.6,0.00,0,climate
2026,11,NYG,8.4,49.0,0.00,0,climate
2026,11,PHI,9.5,54.6,0.00,0,climate
2026,11,SF,7.7,54.1,0.00,0,climate
2026,11,WAS,7.0,50.9,0.00,0,climate
2026,12,BUF,10.7,41.1,0.00,0,climate
2026,12,CIN,8.2,48.9,0.00,0,climate
2026,12,CLE,11.4,43.7,0.00,0,climate
2026,12,JAX,8.5,69.8,0.00,0,climate
2026,12,MIA,10.3,75.7,0.00,0,climate
2026,12,PIT,8.5,48.3,0.00,0,climate
2026,12,SF,7.7,57.6,0.00,0,climate
2026,12,TB,8.1,70.5,0.00,0,climate
2026,13,CHI,9.3,40.8,0.00,0,climate
2026,13,CLE,11.4,41.6,0.00,0,climate
2026,13,DEN,7.0,48.8,0.00,0,climate
2026,13,NE,8.9,45.6,0.00,0,climate
2026,13,NYG,8.4,44.9,0.00,0,climate
2026,13,PIT,8.5,40.7,0.00,0,climate
2026,13,SEA,6.7,35.8,0.00,0,climate
2026,13,TB,8.1,71.1,0.00,0,climate
2026,13,TEN,7.7,53.3,0.00,0,climate
2026,14,BAL,7.8,46.7,0.00,0,climate
2026,14,CAR,7.3,54.1,0.00,0,climate
2026,14,CIN,8.2,49.0,0.00,0,climate
2026,14,CLE,11.4,39.6,0.00,0,climate
2026,14,GB,9.6,30.9,0.00,0,climate
2026,14,JAX,8.5,61.8,0.00,0,climate
2026,14,MIA,10.3,74.0,0.00,0,climate
2026,14,NE,8.9,37.9,0.00,0,climate
2026,14,NYJ,8.7,44.2,0.00,0,climate
2026,14,PHI,9.5,45.0,0.00,0,climate
2026,14,SEA,6.7,38.9,0.00,0,climate
2026,14,SF,7.7,54.2,0.00,0,climate
2026,14,WAS,7.0,46.9,0.00,0,climate
2026,15,BUF,10.7,34.5,0.00,0,climate
2026,15,CAR,7.3,52.6,0.00,0,climate
2026,15,GB,9.6,30.6,0.00,0,climate
2026,15,KC,9.1,40.2,0.00,0,climate
2026,15,NYG,8.4,41.1,0.00,0,climate
2026,15,PHI,9.5,47.0,0.00,0,climate
2026,15,PIT,8.5,38.7,0.00,0,climate
2026,15,TB,8.1,69.3,0.00,0,climate
2026,15,TEN,7.7,50.2,0.00,0,climate
2026,15,WAS,7.0,45.2,0.00,0,climate
2026,16,BAL,7.8,43.3,0.00,0,climate
2026,16,CHI,9.3,35.0,0.00,0,climate
2026,16,DEN,7.0,43.5,0.00,0,climate
2026,16,KC,9.1,44.3,0.00,0,climate
2026,16,MIA,10.3,72.7,0.00,0,climate
2026,16,NYJ,8.7,40.6,0.00,0,climate
2026,16,PHI,9.5,39.4,0.00,0,climate
2026,16,PIT,8.5,37.0,0.00,0,climate
2026,16,SEA,6.7,28.3,0.00,0,climate
2026,17,CAR,7.3,50.0,0.00,0,climate
2026,17,CHI,9.3,37.0,0.00,0,climate
2026,17,CIN,8.2,38.0,0.00,0,climate
2026,17,CLE,11.4,34.1,0.00,0,climate
2026,17,GB,9.6,24.3,0.00,0,climate
2026,17,JAX,8.5,60.8,0.00,0,climate
2026,17,MIA,10.3,72.1,0.00,0,climate
2026,17,NE,8.9,34.1,0.00,0,climate
2026,17,NYJ,8.7,38.8,0.00,0,climate
2026,17,SF,7.7,43.6,0.00,0,climate
2026,17,TB,8.1,67.8,0.00,0,climate
2026,17,TEN,7.7,47.5,0.00,0,climate
2026,18,BAL,7.8,40.2,0.00,0,climate
2026,18,BUF,10.7,30.9,0.00,0,climate
2026,18,CAR,7.3,48.8,0.00,0,climate
2026,18,CIN,8.2,38.8,0.00,0,climate
2026,18,DEN,7.0,36.6,0.00,0,climate
2026,18,GB,9.6,24.6,0.00,0,climate
2026,18,KC,9.1,37.5,0.00,0,climate
2026,18,NE,8.9,32.4,0.00,0,climate
2026,18,NYG,8.4,36.0,0.00,0,climate
2026,18,WAS,7.0,40.5,0.00,0,climate
